CREATE DATABASE clinic_db;
USE clinic_db;
CREATE TABLE `appointments` (
  `rdv_id` int(11) NOT NULL,
  `patient_id` int(11) DEFAULT NULL,
  `doctor_id` int(11) DEFAULT NULL,
  `rdv_date` date DEFAULT NULL
);

INSERT INTO `appointments` (`rdv_id`, `patient_id`, `doctor_id`, `rdv_date`) VALUES
(3, 19, 3, '2022-07-28'),
(4, 14, 2, '2022-05-28'),
(5, 6, 3, '2022-05-19'),
(6, 9, 3, '2022-05-28'),
(9, 7, 2, '2022-06-19'),
(10, 10, 3, '2022-06-19'),
(11, 18, 3, '2022-06-19'),
(12, 12, 3, '2022-06-19'),
(13, 3, 2, '2022-06-09'),
(14, 3, 2, '2022-06-05'),
(77, 17, 3, '2022-06-03'),
(95, 17, 2, '2022-06-11'),
(96, 26, 3, '2022-06-11'),
(97, 8, 3, '2022-06-11'),
(101, 14, 3, '2022-06-14'),
(106, 17, 2, '2022-06-12'),
(107, 6, 2, '2022-06-19'),
(108, 4, 2, '2022-06-14'),
(109, 18, 2, '2022-06-14'),
(110, 21, 3, '2022-06-14'),
(111, 2, 3, '2022-06-28'),
(112, 9, 2, '2022-06-28'),
(113, 6, 2, '2022-06-29'),
(114, 20, 2, '2022-06-29'),
(116, 10, 2, '2022-06-30'),
(117, 6, 2, '2022-06-30'),
(120, 4, 2, '2022-07-01');

-- --------------------------------------------------------


CREATE TABLE `associateddoctors` (
  `patient_id` int(5) NOT NULL,
  `user_id` int(1) NOT NULL
);


INSERT INTO `associateddoctors` (`patient_id`, `user_id`) VALUES
(3, 2),
(4, 2),
(4, 3),
(5, 2),
(5, 3),
(6, 2),
(7, 2),
(7, 3),
(9, 3),
(10, 2),
(17, 3),
(22, 2),
(22, 3),
(24, 3),
(26, 3),
(27, 3),
(28, 3),
(29, 2),
(29, 3),
(30, 2),
(32, 2),
(32, 3);

-- --------------------------------------------------------

CREATE TABLE `consultation` (
  `id` int(11) NOT NULL,
  `patient_id` int(11) DEFAULT NULL,
  `height` int(3) DEFAULT NULL,
  `weight` int(3) DEFAULT NULL,
  `blood_pre` int(3) DEFAULT NULL,
  `blood_glu` double(4,3) DEFAULT NULL,
  `temp` double(4,2) DEFAULT NULL,
  `date` date DEFAULT NULL,
  `exactTime` timestamp NOT NULL DEFAULT current_timestamp() ON UPDATE current_timestamp()
);

INSERT INTO `consultation` (`id`, `patient_id`, `height`, `weight`, `blood_pre`, `blood_glu`, `temp`, `date`, `exactTime`) VALUES
(61, 3, NULL, NULL, NULL, NULL, NULL, '2021-07-01', '2021-07-01 10:39:03'),
(62, 3, NULL, NULL, NULL, NULL, NULL, '2021-07-01', '2021-07-01 10:42:31'),
(63, 7, NULL, NULL, NULL, NULL, NULL, '2021-07-01', '2021-07-01 10:52:47'),
(64, 5, NULL, NULL, NULL, NULL, NULL, '2021-07-01', '2021-07-01 10:53:40'),
(65, 9, NULL, NULL, NULL, NULL, NULL, '2021-07-01', '2021-07-01 10:59:08'),
(66, 9, 170, 70, 110, 1.200, 37.50, '2021-07-01', '2021-07-01 11:01:32'),
(67, 9, 170, 70, 110, 1.200, 37.50, '2021-07-01', '2021-07-01 11:02:41'),
(69, 32, 170, 70, 110, 1.200, 37.50, '2021-07-01', '2021-07-01 11:09:18'),
(70, 32, 170, 70, 110, 1.200, 37.50, '2021-07-01', '2021-07-01 11:10:21'),
(71, 24, 170, 70, 110, 1.200, 37.50, '2021-07-01', '2021-07-01 11:14:55'),
(72, 24, 170, 70, 110, 1.200, 37.50, '2021-07-01', '2021-07-01 11:15:28'),
(73, 4, 170, 70, 110, 1.200, 37.50, '2021-07-01', '2021-07-01 11:21:08'),
(74, 5, 170, 70, 110, 1.200, 37.50, '2021-07-01', '2021-07-01 11:28:17'),
(75, 5, 170, 70, 110, 1.200, 37.50, '2021-07-01', '2021-07-01 11:28:57'),
(76, 4, 170, 70, 110, 1.200, 37.50, '2021-07-01', '2021-07-01 11:29:47'),
(77, 5, 170, 70, 110, 1.200, 37.50, '2021-07-01', '2021-07-01 11:36:54'),
(78, 22, 170, 70, 110, 1.200, 37.50, '2021-07-01', '2021-07-01 11:37:35'),
(79, 22, 170, 70, 110, 1.200, 37.50, '2021-07-01', '2021-07-01 11:38:14');

-- --------------------------------------------------------

CREATE TABLE `medicaments` (
  `id` int(11) NOT NULL,
  `name` varchar(50) DEFAULT NULL,
  `form` varchar(50) DEFAULT NULL,
  `dosage` varchar(50) DEFAULT NULL
);

INSERT INTO `medicaments` (`id`, `name`, `form`, `dosage`) VALUES
(1, 'RESTILON', 'SOLUTION BUV', '2MG/ML'),
(2, 'GRIPEX ALLERGIE', 'COMP. PELLI.SEC.', '10MG'),
(3, 'RHITENE', 'COMP. PELLI.', '10MG'),
(4, 'ARTIZ', 'COMP. PELLI.', '10MG'),
(5, 'HISTARIZINE', 'COMP.SEC.', '10MG'),
(6, 'ZYRTIRIZINE', 'COMP. PELLI. SEC', '10MG'),
(7, 'ZYTREX', 'COM SECABLE', '10MG'),
(8, 'CETIRIZINE MYLAN', 'COMP. PELLI.SEC.', '10MG'),
(9, 'NADEC', 'COMP. PELLI. SEC', '10MG'),
(10, 'CETIRIZINE PHYSIOPHARM', 'COMP. PELLI. SEC.', '10MG'),
(11, 'HISTAGAN', 'COMP. SEC.', '2MG'),
(12, 'FENIRAMINE', 'SIROP', '0,5 MG/5ML (0,01%)'),
(13, 'DEXCHLORPHENIRAMINE AFRO', 'SOL BUVABLE', '0,5MG/5ML'),
(14, 'DORAMINE', 'SIROP', '0,5MG/5ML'),
(15, 'HISTAGAN', 'SIROP', '0,5MG/5ML(0,01 %)'),
(16, 'GENARITYNE', 'SIROP', '0,5MG/5ML(0,01 %)'),
(17, 'HISTONE', 'SIROP', '0,5MG/5ML'),
(18, 'DOMSTAL', 'SIROP', '6,25MG/5ML'),
(19, 'SULAMINE', 'SIROP', '6,25MG/5ML'),
(20, 'NATAZINE', 'COMP.', '5MG'),
(21, 'PRIMALAN', 'COMP.', '5MG'),
(22, 'PRANOK', 'SOL. INJ.', '50MG/02ML'),
(23, 'PRIMALAN', 'SIROP', '1,25MG/2,5ML'),
(24, 'GELARTINE', 'COMP.', '10MG'),
(25, 'LUTEDINE', 'GLES.', '10MG'),
(26, 'RITADOLE', 'COMP. SEC.', '10MG'),
(27, 'LORATAN', 'COMP.', '10MG'),
(28, 'ORIN', 'COMP.', '10MG'),
(29, 'RESTAMINE', 'COMP.', '10MG'),
(30, 'LORATADINE BEKER', 'COMP.', '10MG'),
(31, 'AKARYD', 'COMP. PELLI.', '10MG'),
(32, 'NEOTADINE', 'COMP.', '10MG'),
(33, 'LORATADINE NOVAGENERICS', 'COMP.', '10MG'),
(34, 'LORADINE', 'COMP.', '10MG'),
(35, 'ALLERTINE', 'COMP.', '10MG'),
(36, 'TIRLOR', 'COMP', '10MG'),
(37, 'LORATAL', 'COMP', '10MG'),
(38, 'APILOR', 'COMP.', '10MG'),
(39, 'GELARTINE', 'SIROP', '1MG/ML'),
(40, 'ORIN', 'SIROP', '1MG/ML'),
(41, 'RESTAMINE', 'SIROP', '1MG/ML'),
(42, 'HOCINOR', 'SIROP', '1MG/ML'),
(43, 'ALLERTINE', 'SIROP', '1MG/ML'),
(44, 'CLARDINE', 'SOL. BUV.', '1MG/ML'),
(45, 'CLARADINE', 'SOL. BUV.', '1MG/ML'),
(46, 'LORATADINE', 'SIROP', '1MG/ML'),
(47, 'FEXOFENADINE BEKER', 'COMP. PELLI.', '120MG'),
(48, 'FEXODINE', 'COMP. PELLI.', '120MG'),
(49, 'RIFEX 120', 'COMP. PELLI.', '120MG'),
(50, 'FEXOFENADINE NOVAGENERICS', 'COMP PELL', '120MG'),
(51, 'FEXOFENADINE IVAL', 'COMP.PELLI.', '120MG'),
(52, 'TELFADINE', 'COMP. PELLI.', '120MG'),
(53, 'TELFAST', 'COMP PELLI.', '120MG'),
(54, 'FEXONIDAL', 'COMP. PELLI.', '120MG'),
(55, 'FASTOFEN 120', 'COMP. PELLI.', '120MG'),
(56, 'FEXODINE', 'COMP. PELLI.', '180MG'),
(57, 'RIFEX 180', 'COMP. PELLI.', '180MG'),
(58, 'TELFAST', 'COMP PELLI.', '180MG'),
(59, 'FEXONIDAL', 'COMP. PELLI.', '180MG'),
(60, 'FASTOFEN 180', 'COMP. PELLI.', '180MG'),
(61, 'FEXOFENADINE BEKER', 'COMP. PELLI.', '180MG'),
(62, 'FEXOFENADINE IVAL', 'COMP. PELLI. SEC.', '180MG'),
(63, 'FEXOFENADINE NOVAGENERICS', 'COMP. PELLI.', '180MG'),
(64, 'RHITENE', 'SOL BUV EN GTTES', '10MG/ML'),
(65, 'ARTIZ', 'SOL BUV EN GTTES', '10MG/ML'),
(66, 'CETIRIZINE GL', 'SOL BUV EN GTTES', '10MG/ML'),
(67, 'ZYRTEC', 'SOL BUV.GTTES', '10MG/ML'),
(68, 'ZETIREC', 'SOL. BUV. GTTES.', '10MG/ML'),
(69, 'RUPAFIN', 'COMP.', '10MG'),
(70, 'HUDU', 'COMP. SEC.', '50MG'),
(71, 'DESLORAL', 'COMP. PELLI.', '5MG'),
(72, 'UDINE', 'COMP. PELLI.', '5MG'),
(73, 'AIRDITINE', 'COMP. PELLI.', '5MG'),
(74, 'DESLOR', 'COMP. PELLI.', '5MG'),
(75, 'LORADESS', 'COMP. PELLI.', '5MG'),
(76, 'AIRDITINE', 'SIROP', '0,5MG/ML'),
(77, 'DESLOR', 'SIROP', '0,5MG/ML'),
(78, 'LORADESS', 'SIROP', '0,5ML/ML'),
(79, 'BILAXTEN', 'COMP. SEC.', '20MG'),
(80, 'FEXOFENADINE NOVAGENERICS', 'COMP. PELLI.', '30MG'),
(81, 'TELFAST', 'COMP. PELLI.', '30MG'),
(82, 'PRIMALAN', 'COMP. SEC.', '10MG'),
(83, 'PERIAMEX', 'SIROP', '2MG/5ML'),
(84, 'HEPTAFORT', 'SIROP', '2MG/5ML'),
(85, 'XYCARE', 'COMP. PELLI.', '5 MG'),
(86, 'LEVOZEN', 'COMP. PELLI.', '5 MG'),
(87, 'CIPROMINE', 'COMP.', '4MG'),
(88, 'EBASTA', 'CP ORODISPERSIBLE', '10 MG'),
(89, 'ALUSTAL', 'SUSP. INJ.', '0,1IR/ML+1IR/ML+10IR/ML'),
(90, 'ALUSTAL', 'SUSP. INJ.', '10IR/ML'),
(91, 'ALUSTAL', 'SUSP. INJ.', '0,1IR/ML+1IR/ML+10IR/ML'),
(92, 'ALUSTAL', 'SUSP. INJ.', '10IR/ML'),
(93, 'STALORAL', 'SOLUTION SUBLINGUALE D\'UN MELANGE D\'EXTRAITS ALLER', '10+100+300 IR/ML - 300 IR/ML'),
(94, 'RAPIFEN', 'SOL.INJ.', '1MG/2ML'),
(95, 'FENTANYL JANSSEN', 'SOL.INJ.', '0,05MG/ML (0,5MG/10ML)'),
(96, 'FENTANYL JANSSEN', 'SOL.INJ.', '0,1MG/AMP.'),
(97, 'SUFENTA', 'SOL INJ  IV OU PERIDURALE', '250ÂµG/5ML'),
(98, 'RAPIFEN', 'SOL.INJ.', '5MG/10ML'),
(99, 'SUFENTA', 'SOL INJ IV OU PERIDURALE', '5ÂµG/ML (10ÂµG/2ML - 50ÂµG/10ML)'),
(100, 'REMIFENTANIL MYLAN', 'POUDRE POUR SOL INJ OU POUR PERF IV', '2MG/ FLACON'),
(101, 'REMIFENTANIL MYLAN', 'POUDRE POUR SOL INJ OU POUR PERF IV', '5MG/FLACON'),
(102, 'HALOTHANE BP', 'LIQUIDE POUR INHALATION PAR VAPEUR', '100%'),
(103, 'FORENE', 'LIQUIDE. P. INHAL. PAR VAPEUR', '100ML/100ML'),
(104, 'AERRANE', 'LIQUIDE. P. INHAL. PAR VAPEUR', '100ML/100ML - 250ML/250ML'),
(105, 'KETAMILE', 'SOL. INJ.', '50MG/ML'),
(106, 'KETAMINE-50', 'SOL. INJ.', '50MG/ML'),
(107, 'PROVIVE', 'EMULSION IV PERF.', '1% (OU 10MG/ML)'),
(108, 'PROPOFOL FRESENIUS 1%', 'EMULSION  INJ. IV ET POUR PERF.IV', '1% (OU 10MG/ML) ( OU 200MG/20ML)'),
(109, 'THIOPENTAL 0,5G ROTEXMEDICA', 'PDRE. SOL. INJ.', '0,5G'),
(110, 'THIOPENTAL VUAB inj.plv.sol.0,5 g', 'PDRE.SOL.INJ.', '0,5G'),
(111, 'THIOPENTAL', 'PDRE.SOL.INJ.', '1G'),
(112, 'THIOPENTAL VUAB inj.plv.sol.1.0 g', 'PDRE.SOL.INJ.', '1G'),
(113, 'THIOPENTAL 1G ROTEXMEDICA', 'PDRE. SOL. INJ.', '1G'),
(114, 'OXYGENE MEDICINAL LIQUIDE LINDE GAS ALGERIE', 'GAZ POUR INHAL', 'OXYGENE PURTE  > OU = a 99,5 %  SOUS PRESSION 1 A '),
(115, 'OXYGENE MEDICINAL AIR LIQUID 200BAR', 'GAZ LIQUIDE POUR INHALATION D\'UNE PURETE ?99,50 %', NULL),
(116, 'OXYGENE MEDICINAL LIQUIDE AIR LIQUIDE', 'GAZ POUR INHAL', NULL),
(117, 'PROTOXYDE D\'AZOTE', 'BOUTEILLE', NULL),
(118, 'ANESTANE', 'SOL. P. INHAL.', '100% STABILISE PAR THYMOL 0,01%'),
(119, 'SEVORANE', 'LIQUIDE P. INHAL. PAR VAPEUR', '100ML/100ML DE LIQUIDE POUR INHALATION PAR VAPEUR'),
(120, 'SEVOFLURANE USP', 'LIQUIDE P. INHAL. PAR VAPEUR', '100ML/100ML DE LIQUIDE POUR INHALATION PAR VAPEUR'),
(121, 'HYPNOMIDATE', 'SOL. INJ. IV', '2MG/ML'),
(122, 'BRIDION', 'SOL. INJ. IV', '100MG/ML (200MG/2ML) (500MG/5ML)'),
(123, 'DIPRIVAN', 'EMULSION INJECTABLE EN SURINGUE Pre-remplie', '10MG/ML'),
(124, 'DIPRIVAN', 'EMULSION INJECTABLE EN SURINGUE Pre-remplie', '20mg/ml'),
(125, 'BUPIVACAINE MYLAN', 'SOL. INJ.', '0,5%'),
(126, 'XYLOCAINE', 'SOL.INJ.', '1%'),
(127, 'UNICAINE 1%', 'SOL.INJ.', '1%'),
(128, 'XYLOCAINE', 'SOL.INJ.', '2%'),
(129, 'LIDOCAINE-GEO', 'SOL. INJ.', '2%'),
(130, 'XYLOROLLAND SANS VASOCONTRICTEUR', 'SOL.INJ.', '2%'),
(131, 'KIDOCAINE', 'SOL. INJ.', '2%'),
(132, 'UNICAINE', 'SOL.INJ.', '2%'),
(133, 'ADRECAINE-GEO', 'SOL.INJ. USAGE DENTAIRE', '2% / 1/80000'),
(134, 'XILONIBSA', 'SOL.INJ.', '2%'),
(135, 'XYLOCAINE NAPHAZOLINE', 'SOL.NON.INJ.', '5% / 0,02%'),
(136, 'XYLOCAINE VISQUEUSE', 'GEL ORAL', '2%'),
(137, 'MEDICAINE 2% AVEC ADRENALINE 1/100 000', 'SOL. INJ. EN CARPULES', '2% / 1/100 000  (OU 2G / 0,001G / 100ML)'),
(138, 'MEDICAINE 3%', 'SOL INJ', '3%'),
(139, 'TRONOTHANE', 'GEL.DERM.', '1%'),
(140, 'ANESDERM GE 5%', 'CREME', '2,5G/2,5G/100G'),
(141, 'XYLOROLLAND AVEC NORADRENALINE', 'SOL. INJ.', '2G/0,00125G/100ML'),
(142, 'SEPTANEST ADRENALINE 1/100000', 'SOL INJ', '4G/1MG/100ML'),
(143, 'SEPTANEST ADRENALINE 1/200000', 'SOL.INJ.', '4G/0,5MG/100ML'),
(144, 'BUPIVACAINE MYLAN', 'SOL INJ INTRA RACHIDIENNE EN AMP', '5MG/ML'),
(145, 'LISAPAN', 'SOL. INJ. IV', '2MG/ML (4MG/2ML)'),
(146, 'NEOVEC', 'LYOPH. ET SOLV. SOL. INJ. IV', '4MG/FL. DE LYOPH.'),
(147, 'VECURON', 'LYOPH. ET SOLV. P. SOL. INJ. IV', '4MG/FL. DE LYOPH.'),
(148, 'ATACURE', 'SOL. INJ. IV', '10MG/ML (50MG/5ML)'),
(149, 'RONIUM', 'SOL.INJ.', '50MG/5ML ( 10 MG/ML)'),
(150, 'ESMERON', 'SOL.INJ.', '50MG/5ML'),
(151, 'GEASPIRIQUE', 'COMP. SEC.', '500MG'),
(152, 'ASPIRINE BEKER', 'COMP.', '500MG'),
(153, 'ACEPRAL', 'COMP.', '500MG'),
(154, 'LYSOGIC', 'PDRE. SOL. BUV. EN SACH.-DOSE', '100MG/SACH.-DOSE'),
(155, 'ASPEGIC', 'PDRE.ET SOLV. P. SOL. INJ. IM/IV', '500MG/FL. DE PDRE.'),
(156, 'ASPIGAL 900', 'PDRE.ET SOLV. P. SOL. INJ. IM/IV', '500MG/FL. DE PDRE.'),
(157, 'ACEPRAL-L ENFANT', 'PDRE. SOL. BUV. EN SACH.-DOSE', '250MG/SACH.-DOSE'),
(158, 'ASPEGIC ENFANT', 'PDRE. SOL. BUV. EN SACH.-DOSE', '250MG/SACH.-DOSE'),
(159, 'ACEPRAL-L ADULTES', 'PDRE. SOL. BUV. EN SACH.-DOSE', '500MG/SACH.-DOSE'),
(160, 'ASPEGIC 500', 'PDRE. SOL. BUV. EN SACH.-DOSE', '500MG/SACH.-DOSE'),
(161, 'ASPIRINE UPSA VITAMINE C TAMPONNEE EFFERVESCENTE', 'COMP. EFFERV', '330MG/200MG'),
(162, 'ACEPRAL-L 1000MG', 'PDRE. SOL. BUV.', '1G/SACH.-DOSE'),
(163, 'ASPEGIC ADULTE', 'PDRE. SOL. BUV. EN SACH.-DOSE', '1G/SACH.-DOSE'),
(164, 'ASPIRINE BIOTIC', 'COMP.', '100MG'),
(165, 'ASPRO ACCEL', 'COMP. PELLI. SEC.', '500MG/50MG'),
(166, 'ASPRO ACCEL', 'COMP. EFFERV. SEC.', '500MG/50MG'),
(167, 'ACEPRAL L- NOURRISSON', 'PDRE. SOL. BUV.', '100MG/SACH.-DOSE'),
(168, 'ASPEGIC NOURRISSON', 'PDRE. SOL. BUV. SACHET', '100MG/SACH.-DOSE'),
(169, 'ANTI GRIP', 'COMP.', '450MG/20MG/20MG'),
(170, 'GEMAL', 'COMP.', '500MG'),
(171, 'EXPANDOL', 'COMP. SEC.', '500MG'),
(172, 'PAROL', 'COMP.', '500MG'),
(173, 'SAPRAMOL', 'COMP', '500MG'),
(174, 'TYLENOL', 'COMP. SEC.', '500MG'),
(175, 'DOLICRANE', 'COMP.', '500MG'),
(176, 'MIGRAMOL', 'COMP. SEC.', '500MG'),
(177, 'PACET', 'COMP.', '500MG'),
(178, 'PARACETAMOL PHYSIOPHARM', 'COMP', '500MG'),
(179, 'EFFERALGAN', 'COMP. SEC', '500MG'),
(180, 'PARALGAN', 'COMP. SEC.', '500MG'),
(181, 'PARAMOL', 'COMP', '500MG'),
(182, 'DOLIPRANE', 'COMP.', '500MG'),
(183, 'DOLI-BIEN', 'COMP', '500MG'),
(184, 'PLANADIX LIQUIZ', 'SUS BUV EN STICK UNIDOSE', '300MG/STICK'),
(185, 'PLANADIX LIQUIZ', 'SUS BUV EN STICK UNIDOSE', '200MG/STICK'),
(186, 'PARACETAL', 'COMP.', '500MG'),
(187, 'DOFEBRIL', 'COMP. SEC.', '500MG'),
(188, 'DOLYC', 'COMP.', '500MG'),
(189, 'PARACETAMOL IVAL', 'COMP.', '500MG'),
(190, 'PARACETAMOL BIOCARE', 'GRLES. P. SOL. BUV. SACH.-DOSE', '100MG'),
(191, 'EXPANDOL', 'PDRE. P. SOL. BUV. EN SACH.-DOSE', '100MG'),
(192, 'SAPRAMOL', 'PDRE. SOL. BUV. EN SACH.', '100MG'),
(193, 'ISOMOL', 'SOL.  BUV.', '100MG/5ML'),
(194, 'DOLIPRANE', 'PDRE. P. SOL. BUV. EN SACH.-DOSE', '100MG'),
(195, 'PARACETAMOL PHYSIOPHARM', 'PDRE. P. SOL. BUV. EN SACH.-DOSE', '100MG'),
(196, 'SUPPFADOL 100', 'SUPPO.', '100MG'),
(197, 'GEMAL', 'SUPPO.', '100MG'),
(198, 'PAROL', 'SUPPO,', '100MG'),
(199, 'DOLPRIV', 'SUPPO.', '100MG'),
(200, 'PARALGAN', 'SUPPO.', '100MG'),
(201, 'PARALGAN', 'SUPPO.', '120MG'),
(202, 'CETALGINE', 'SUPPO.', '100MG'),
(203, 'DOLIPRANE', 'SUPPO SEC', '100MG'),
(204, 'DOLYMEX', 'SUPPO,', '100MG'),
(205, 'PANADOL', 'COMP.EFFER.', '500MG'),
(206, 'DOFEBRIL', 'COMP. EFFERV.', '500MG'),
(207, 'COEXPANDOL', 'COMP', '400MG/20MG'),
(208, 'COPRALGIR', 'COMP SEC', '400MG/20MG'),
(209, 'PARAC-CO', 'COMP', '400MG/20MG'),
(210, 'CODOLIPRANE', 'COMP.SEC.', '400MG/20MG'),
(211, 'COPARALGAN', 'COMP. SEC.', '400MG/20MG'),
(212, 'COPARAMOL', 'COMP.', '400MG/20MG'),
(213, 'CODOFEBRIL', 'CP EFFERVESCENT SECABLE', '500 MG/30 MG'),
(214, 'DAFALGAN CODEINE', 'COMP .PELLI.', '500MG/30MG'),
(215, 'CODOLIPRANE', 'COMP', '500MG/30MG'),
(216, 'COPARAMOL FORT', 'COMP', '500MG/30MG'),
(217, 'PLANADIX CONFORT +', 'COMP', '500MG/30MG'),
(218, 'DOFEBRIL C', 'COMP. EFFERV.', '330MG/200MG'),
(219, 'GEMAL', 'GLES.', '500MG'),
(220, 'DIALAMOL', 'GLES.', '500MG'),
(221, 'SUPPFADOL 150', 'SUPPO.', '150MG'),
(222, 'PAROL', 'SUPPO.', '150MG'),
(223, 'DOLPRIV', 'SUPPO.', '150MG'),
(224, 'CETALGINE', 'SUPPO.', '150MG'),
(225, 'DOLIPRANE', 'SUPPO', '150MG'),
(226, 'SUPPFADOL 200', 'SUPPO.', '200MG'),
(227, 'GEMAL', 'SUPPO.', '200MG'),
(228, 'PAROL', 'SUPPO.', '200MG'),
(229, 'DOLYMEX', 'SUPPO', '200MG'),
(230, 'ALGIMOL ENFANT', 'SUPPO.', '200MG'),
(231, 'DOLPRIV', 'SUPPO.', '200MG'),
(232, 'CETALGINE', 'SUPP0', '200MG'),
(233, 'DOLIPRANE', 'SUPPO.', '200MG'),
(234, 'SUPPFADOL 300', 'SUPPO.', '300MG'),
(235, 'GEMAL', 'SUPPO.', '300MG'),
(236, 'PAROL', 'SUPP0.', '300MG'),
(237, 'DOLYMEX', 'SUPPO', '300MG'),
(238, 'ALGIMOL ENFANT', 'SUPPO.', '300MG'),
(239, 'DOLPRIV', 'SUPPO.', '300MG'),
(240, 'CETALGINE', 'SUPP0.', '300MG'),
(241, 'DOLIPRANE', 'SUPPO', '300MG'),
(242, 'PARACETAMOL BIOCARE', 'PDRE. SOL. BUV. EN SACH.', '150MG'),
(243, 'EXPANDOL', 'PDRE. P. SOL. BUV. SACH.-DOSE', '150MG'),
(244, 'SAPRAMOL', 'PDRE. SOL. BUV. EN SACH.', '150MG'),
(245, 'DOLIPRANE', 'PDRE. P. SOL. BUV. SACH.-DOSE', '150MG'),
(246, 'PARACETAMOL PHYSIOPHARM', 'PDRE. P. SOL. BUV. SACH.-DOSE', '150MG'),
(247, 'PARACETAMOL BIOCARE', 'GRLES. P. SOL. BUV. SACH.-DOSE', '200MG'),
(248, 'EXPANDOL', 'PDRE. P. SOL. BUV. SACH.-DOSE', '200MG'),
(249, 'SAPRAMOL', 'PDRE. SOL. BUV. EN SACH.', '200MG'),
(250, 'PARACETAMOL PHYSIOPHARM', 'PDRE. P. SOL. BUV. SACH.-DOSE', '200MG'),
(251, 'DOLIPRANE', 'PDRE. P. SOL. BUV. SACH.-DOSE', '200MG'),
(252, 'EXPANDOL', 'PDRE. P. SOL. BUV. SACH.-DOSE', '300MG'),
(253, 'SAPRAMOL', 'PDRE. SOL. BUV. EN SACH.', '300MG'),
(254, 'DOLIPRANE', 'PDRE. P. SOL. BUV. SACH.-DOSE', '300MG'),
(255, 'PARACETAMOL BIOCARE', 'GRLES. P. SOL. BUV. SACH.-DOSE', '300MG'),
(256, 'PARAMOL RHUME', 'COMP', '500MG/30MG'),
(257, 'RHUMEDRINE', 'COMP. SEC.', '500MG/30MG'),
(258, 'DOLI RHUME', 'COMP SEC.', '500MG/30MG'),
(259, 'PLANADIX RHUME', 'COMP', '500MG/30MG'),
(260, 'ACETADOL', 'SOL. BUV.', '3%'),
(261, 'TYLENOL', 'SIROP', '3% (150MG/5ML)'),
(262, 'PEDIAMOL', 'SOL.BUV.', '3%'),
(263, 'ALGIMOL-PEDIATRIQUE', 'SOL. BUV.', '3%'),
(264, 'DOLPRIV', 'SOL. BUV.', '3%'),
(265, 'EFFERALGAN PEDIATRIQUE', 'SOL. BUV.', '3%'),
(266, 'PARACETAMOL BIOCARE', 'GRLES. P. SOL. BUV. SACH.-DOSE', '500MG'),
(267, 'EXPANDOL', 'POUDRE POUR SOLUT BUVABLE EN SACHET', '500MG'),
(268, 'SAPRAMOL', 'PDRE. SOL. BUV. EN SACHETS', '500MG'),
(269, 'PARACETAMOL PHYSIOPHARM', 'POUDRE POUR SOLUT BUVABLE EN SACHET', '500MG'),
(270, 'PERMIDOL', 'SOLUTION POUR PERFUSION IV 10MG/ML', '10MG/ML'),
(271, 'PARACETAMOL RAZES', 'SOL. INJ. P. PERF. IV', '10MG/ML (500MG/50ML) (1000MG/100ML)'),
(272, 'PARACETAMOL PHARMAGHREB', 'SOL. INJ. P. PERF. IV.', '10MG/ML (500MG/50ML) (1000MG/100ML)'),
(273, 'PARACETAL', 'SOL. INJ. P. PERF. IV.', '10MG/ML (1000MG/100ML)'),
(274, 'DOLOMOL', 'SUSP. BUV.', '250MG/5ML'),
(275, 'DOLOMOL', 'SUPPO.', '250MG'),
(276, 'DOFEBRIL', 'COMP. EFFERV.', '1G'),
(277, 'GEMAL', 'COMP.', '1G'),
(278, 'DOLICRANE', 'COMP.', '1G'),
(279, 'MIGRAMOL', 'COMP. SEC.', '1G'),
(280, 'PANADOL 1G', 'COMP. PELLI. SEC.', '1G'),
(281, 'DOLYC', 'COMP.', '1G'),
(282, 'PARACETAMOL PHYSIOPHARM', 'COMP', '1G'),
(283, 'PARALGAN', 'COMP. SEC.', '1G'),
(284, 'PARAMOL', 'COMP. SEC.', '1G'),
(285, 'DOLIPRANE', 'COMP.', '1G'),
(286, 'DOLI-BIEN', 'COMP', '1G'),
(287, 'EXPANDOL', 'COMP.', '1G'),
(288, 'PARALGAN', 'SUPPO.', '1000MG'),
(289, 'PARALGAN', 'COMP. ORODISPERS. SEC.', '80MG'),
(290, 'EXTRADOL', 'COMP.', '500MG/65MG'),
(291, 'EXPANDOL PLUS', 'COMP.', '500MG/65MG'),
(292, 'PANADOL EXTRA', 'COMP. PELLI.', '500MG/65MG'),
(293, 'PLANADIX EXTRA', 'COMP. SEC.', '500MG/65MG'),
(294, 'PACET EXTRA', 'COMP. SEC.', '500MG/65MG'),
(295, 'PARALGAN', 'COMP. ORODISPERS.', '160MG'),
(296, 'ALGIMOL', 'SUPPO.', '170MG'),
(297, 'PARALGAN', 'SUPPO.', '170MG'),
(298, 'SUPPFADOL 170', 'SUPPO.', '170MG'),
(299, 'NOFEB', 'GLES.', '240MG/3,2MG/100MG'),
(300, 'SUPPFADOL', 'SUPPO.', '80MG'),
(301, 'PARALGAN', 'SUPPO.', '80MG'),
(302, 'PARALGAN', 'SUPPO.', '600MG'),
(303, 'PARAMOL EXTRA', 'COMP', '500MG/50MG'),
(304, 'MIGRAMOL PEDIATRIQUE', 'SIROP', '120MG/5ML (2,4G/100ML)'),
(305, 'PARALGAN', 'SOL.BUV.', '120MG/5ML'),
(306, 'DOLIPRANE 2,4%', 'SUSP. BUV. SANS SUCRE EDULCOREE A LA SACCHARINE SO', '120MG/5ML'),
(307, 'EFFERALGAN VITAMINE C', 'COMP EFFERV', '500MG/200MG'),
(308, 'SKENAN LP', 'MICROGRANULES LP EN GLES', '10MG'),
(309, 'SKENAN LP', 'MICROGRANULES LP EN GLES', '30MG'),
(310, 'SKENAN LP', 'MICROGRANULES LP EN GLES', '60MG'),
(311, 'SKENAN LP', 'MICROGRANULES LP EN GLES', '100MG'),
(312, 'PARACETAMOL PHYSIOPHARM', 'POUDRE POUR SOLUT BUVABLE EN SACHET', '1000MG'),
(313, 'BUPRINAL', 'SOL. INJ. IM/IV/SC/VOIE MEDULLAIRE', '0,3MG/ML'),
(314, 'TRAMADOL BEKER', 'GLES.', '50MG'),
(315, 'ZODID', 'GLES.', '50MG'),
(316, 'SUPRAMADOL', 'GLES.', '50MG'),
(317, 'TRAMADIS', 'GLES.', '50MG'),
(318, 'TRAMEX', 'GLES.', '50MG'),
(319, 'TRAMAL', 'GLES.', '50MG'),
(320, 'TRAMADOL NOVAGENERICS', 'GELULE', '50MG'),
(321, 'DUOFEM', 'GLES.', '50MG'),
(322, 'DOLTRAM', 'GLES.', '50MG'),
(323, 'TRAMADOL SANDOZ', 'GLES.', '50MG'),
(324, 'DOLEX', 'GLES.', '50MG'),
(325, 'TRAMADOL LS', 'GLES.', '50MG'),
(326, 'TRAMADOL LS', 'SUPPO.', '100MG'),
(327, 'TRAMADINE', 'SUPPO', '100MG'),
(328, 'ATEPADENE', 'GLES.', '30MG'),
(329, 'ATP NOVAGENERICS', 'GLES.', '30MG'),
(330, 'TRAMADOL  BEKER LP', 'CP PELL LP', '100MG'),
(331, 'DOLTRAM', 'COMP. ENRO. LP', '100MG'),
(332, 'DOLTRAM', 'COMP. ENRO. LP', '150MG'),
(333, 'DOLTRAM', 'COMP. ENRO. LP', '200MG'),
(334, 'TRAMGESIC', 'SOL. INJ.', '50MG/ML (100MG/2ML)'),
(335, 'TRAMADIS', 'SOL. INJ. IV / PERF. IV', '50MG/ML (100MG/2ML)'),
(336, 'SUPRAMADOL', 'SOL. INJ.IM/IV .', '50MG/ML'),
(337, 'XALDOL', 'GELULE', '325MG / 37,5MG'),
(338, 'DOLOKIL', 'COMP. SEC.', '325MG / 37,5MG'),
(339, 'PRADOL', 'COMP. PELLI.', '325MG / 37,5MG'),
(340, 'XAMADOL', 'COMP. PELLI.', '325MG / 37,5MG'),
(341, 'SUPRADOLEX', 'GLES.', '325MG / 37,5MG'),
(342, 'DI-DOLEX', 'COMP. PELLI.', '325MG / 37,5MG'),
(343, 'CETADOL', 'GLES.', '325MG / 37,5MG'),
(344, 'TRAMADOL PLUS', 'GLES', '325MG / 37,5MG'),
(345, 'TRAPAL', 'GLES.', '325MG / 37,5MG'),
(346, 'EXTRAMADOL', 'COMP. PELLI.', '325MG / 37,5MG'),
(347, 'PLANADIX ADVANCE', 'COMP. PELLI.', '325MG / 37,5MG'),
(348, 'DOLMATOL', 'COMP. PELLI.', '325MG / 37,5MG'),
(349, 'DUROGESIC 25ÂµG/HEURE', 'DISPOSITIF TRANSDERMIQUE', '25ÂµG/HEURE'),
(350, 'DUROGESIC 50ÂµG/HEURE', 'DISPOSITIF TRANSDERMIQUE', '50ÂµG/HEURE'),
(351, 'DUROGESIC 75ÂµG/HEURE', 'DISPOSITIF TRANSDERMIQUE', '75ÂµG/HEURE'),
(352, 'DUROGESIC 100ÂµG/HEURE', 'DISPOSITIF TRANSDERMIQUE', '100ÂµG/HEURE'),
(353, 'DUROGESIC 12ÂµG/HEURE', 'DISPOSITIF TRANSDERMIQUE', '12ÂµG/HEURE'),
(354, 'ACUPAN', 'SOL. INJ. IM/IV', '10MG/ML (OU 20MG/2ML)'),
(355, 'ENANTUM', 'COMP. PELLI.', '25 MG'),
(356, 'DICLAMID', 'SOL. INJ. IM', '25MG/ML (75MG/3ML)'),
(357, 'VOLTAFENE', 'SOL INJ IM', '25MG/ML (75MG/3ML)'),
(358, 'CLOFENAL', 'SOL.INJ.IM', '25MG/ML (75MG/3ML)'),
(359, 'VOLTUM', 'COMP.GASTRORESIST.', '25MG'),
(360, 'FLOVENAC', 'GLES. A ÂµGRLES. GASTRORESIST.', '50MG'),
(361, 'GEOFENAC', 'CP. PELL. GASTRORESIST.', '50MG'),
(362, 'BIOFENAC', 'COMP. PELLI. GASTRORESIST.', '50MG'),
(363, 'XINAC-50', 'COMP. PELLI. GASTRESIST.', '50MG'),
(364, 'VOTREX', 'COMP. GASTRORESIST.', '50MG'),
(365, 'VOLTUM', 'COMP. GASTRORESIST.', '50MG'),
(366, 'CLOFENAL', 'GLES. A MICROGRANULES GASTRORESIST.', '50MG'),
(367, 'DICLOFAL', 'CP PELLICULE GASTRO RESISTANT', '50MG'),
(368, 'FLOVENAC LP', 'MICROGRANULES LP en GLES', '100MG'),
(369, 'BIOFENAC', 'COMP. PELLI. LP', '100MG'),
(370, 'DICLOGESIC RETARD', 'COMP. PELLI. LP', '100MG'),
(371, 'VOTREX RETARD', 'COMP. PELLI. LP', '100MG'),
(372, 'DICLOFENAC NOVAGENERICS LP', 'GLES. LP', '100MG'),
(373, 'VOLTUM', 'GLES. A ÂµGRLES. LP', '100MG'),
(374, 'CLOFENAL LP', 'GLES.GASTRO. RESIST. L.P.', '100MG'),
(375, 'ROFENAC LP', 'CP PELL LP', '100MG'),
(376, 'DICLOFAR', 'SUPPO', '25MG'),
(377, 'BIOFENAC', 'SUPPO.', '25MG'),
(378, 'VOTREX', 'SUPPO.', '25MG'),
(379, 'DICLOFENIL-ENFANT', 'SUPPO.', '25MG'),
(380, 'VOLTARENE', 'SUPPO.', '25MG'),
(381, 'VOLTUM', 'SUPPO. ENFANTS', '25MG'),
(382, 'CLOFENAL ENFANT', 'SUPPO.', '25MG'),
(383, 'FENAQUENE', 'SUPPO.', '25MG'),
(384, 'PHLOGOREN ENFANT', 'SUPPO.', '25MG'),
(385, 'DICLOFAR', 'SUPPO.', '100MG'),
(386, 'PHLOGOREN', 'SUPPO.', '100MG'),
(387, 'BIOFENAC', 'SUPPO.', '100MG'),
(388, 'VOLTAMEX', 'SUPPO.', '100MG'),
(389, 'DICLOFENIL', 'SUPPO.', '100MG'),
(390, 'VOLTARENE', 'SUPPO.', '100MG'),
(391, 'VOLTUM', 'SUPPO.', '100MG'),
(392, 'CLOFENAL', 'SUPPO.', '100MG'),
(393, 'FENAQUENE', 'SUPPO', '100MG'),
(394, 'NEUPREN', 'COMP. PELLI.', '400MG'),
(395, 'PROF', 'COMP. PELLI.', '400MG'),
(396, 'HUBIFEN', 'COMP. PELLI.', '400MG'),
(397, 'CALMOFEN', 'COMP. PELLI.', '400MG'),
(398, 'XYDOL 400', 'COMP. PELLI.', '400MG'),
(399, 'UBACTIVE 400MG', 'COMP PELL', '400MG'),
(400, 'NEOFEN', 'COMP. PELLI.', '400MG'),
(401, 'ANTALFEN', 'COMP. PELLI.', '400MG'),
(402, 'IBUPRANE', 'COMP. PELLI.', '400MG'),
(403, 'SAPOFEN', 'COMP.', '400MG'),
(404, 'IBUPROFAL', 'COMP. PELLI .', '400MG'),
(405, 'APIFEN', 'COMP.', '400MG'),
(406, 'IBUPROFENE BEKER', 'COMP. PELLI.', '400MG'),
(407, 'CROMIVAL', 'SUPPO.', '500MG'),
(408, 'INDOMET', 'GLES.', '25MG'),
(409, 'INDOGESIC', 'SUPPO.', '50MG'),
(410, 'INDOMIN', 'SUPPO.', '50MG'),
(411, 'ARTROLIFE', 'SUPPO.', '50MG'),
(412, 'INDOGESIC', 'SUPPO.', '100MG'),
(413, 'INDOMIN', 'SUPPO.', '100MG'),
(414, 'ARTROLIFE', 'SUPPO.', '100MG'),
(415, 'GEPROFENE', 'SUPPO.', '100MG'),
(416, 'KETOPROFENE LPA', 'SUPPO.', '100MG'),
(417, 'SAIFEN', 'SUPPO.', '100MG'),
(418, 'ALPROFEN', 'SUPPO.', '100MG'),
(419, 'PROFENID', 'SUPPO.', '100MG'),
(420, 'KETOFEN', 'SUPPO.', '100MG'),
(421, 'KETONEED', 'SOL.INJ.IM', '50MG/ML (100MG/2ML)'),
(422, 'KETONAL', 'SOL.INJ.IM', '50MG/ML (100MG/2ML)'),
(423, 'PROFENID', 'SOL.INJ.IM', '50MG/ML (100MG/2ML)'),
(424, 'PROXIDOL', 'COMP.', '275MG'),
(425, 'NOPAIN', 'COMP.', '275MG'),
(426, 'NHUPAIN', 'COMP. PELLI.', '275MG'),
(427, 'NAPROLGIC', 'COMP. PELLI.', '275MG'),
(428, 'NAREX', 'COMP. PELLI.', '275MG'),
(429, 'NEXORPAN', 'COMP.', '275MG'),
(430, 'NAPROX', 'COMP. PELLI.', '275MG'),
(431, 'PROXIDOL DS', 'COMP.', '550MG'),
(432, 'NOPAIN DS', 'COMP.', '550MG'),
(433, 'NHUPAIN', 'COMP. PELLI. SEC.', '550MG'),
(434, 'NAPROLGIC', 'COMP. PELLI. SEC.', '550MG'),
(435, 'NEXORPAN', 'COMP.PELLI.', '550MG'),
(436, 'NAPROX', 'COMP.PELLI.', '550MG'),
(437, 'PIROCAM', 'COMP.', '10MG'),
(438, 'FENOXAM', 'COMP. DISPERS. SEC.', '20MG'),
(439, 'ORTHOCAM', 'CP DISPERSIBLE SEC', '20MG'),
(440, 'PRELDENE', 'GLES.', '20MG'),
(441, 'PIROXEN', 'COMP. DISPERS.', '20MG'),
(442, 'ROXICAM', 'GLES', '20MG'),
(443, 'PIROXICAM NOVAGENERICS', 'GLES.', '20MG'),
(444, 'FELDENE', 'COMP.DISPER.SEC.', '20MG'),
(445, 'FELCAM', 'GLES.', '20MG'),
(446, 'CYCLADOL', 'COMP. SEC.', '20MG'),
(447, 'PIROXICAM PHYSIOPHARM', 'GLES.', '20MG'),
(448, 'PIROXICAM  PHYSIOPHARM', 'COMP ORODISPERSIBLE', '20MG'),
(449, 'PRIXAM', 'COMP. DISPERS.', '20MG'),
(450, 'FRADENE', 'GLES.', '20MG'),
(451, 'PIROXICAM SANDOZ', 'COMP. SEC.', '20MG'),
(452, 'PAINOXAM', 'SUPPO.', '20MG'),
(453, 'POLIPIROX', 'SUPPO.', '20MG'),
(454, 'PRIXAM', 'SUPPO.', '20MG'),
(455, 'PIROXAL', 'SUPPO', '20MG'),
(456, 'FRADENE', 'SOL. INJ. IM', '20MG/ML'),
(457, 'PRELDENE', 'SOL. INJ. IM', '20MG/ML'),
(458, 'PIROXEN', 'SOL. INJ. IM', '20MG/ML'),
(459, 'FELDENE', 'SOL. INJ. IM', '20MG/ML'),
(460, 'PRIXAM', 'SOL. INJ. IM', '20MG/ML'),
(461, 'FLUCIDAL', 'GLES.', '250MG'),
(462, 'NIFLUMENE', 'GLES.', '250MG'),
(463, 'INFLAMINE', 'GLES.', '250MG'),
(464, 'NIFLURIC', 'SUPPO.', '700MG'),
(465, 'USENIL', 'SUPPO. ADULTE', '700MG'),
(466, 'NIFLUMATE', 'SUPPO.', '700MG'),
(467, 'NIFLUMENE', 'SUPPO.', '700MG'),
(468, 'GEMATE', 'SUPPO.', '400MG'),
(469, 'USENIL', 'SUPPO. SEC.ENFANT', '400MG'),
(470, 'NIFLUMATE', 'SUPPO.', '400MG'),
(471, 'NIFLUMENE', 'SUPPO.', '400MG'),
(472, 'NIFLURIC', 'SUPPO.', '400MG'),
(473, 'KETOFEN LP', 'GLES. LP', '200MG'),
(474, 'PROFEN LP', 'GLES. A MICROGRLES. LP', '200MG'),
(475, 'PROFENID LP', 'COMP. ENRO. LP', '200MG'),
(476, 'MENODIS', 'COMP. PELLI.', '100MG'),
(477, 'FLUBIFENE', 'COMP. PELLI.', '100MG'),
(478, 'HUPTADYS', 'COMP. PELLI.', '100MG'),
(479, 'FLUDIS', 'COMP. PELLI.', '100MG'),
(480, 'XYDOL GYN', 'COMP. PELLI.', '100MG'),
(481, 'FLURBINAD', 'COMP. PELLI.', '100MG'),
(482, 'ANTAPROFEN', 'COMP. PELLI.', '100MG'),
(483, 'FLURBIPROFAL', 'COMP. PELLI.', '100MG'),
(484, 'ANTADINE', 'COMP. ENRO.', '100MG'),
(485, 'PROFENID', 'COMP. PELLI.', '100MG'),
(486, 'ARBREX', 'GLES.', '100MG'),
(487, 'RUMABREX', 'GLES.', '100MG'),
(488, 'CELECOX', 'GLES.', '100MG'),
(489, 'COXIBREX', 'GLES.', '100MG'),
(490, 'CIREXA', 'GLES', '100MG'),
(491, 'CELECOBREX HUP', 'GLES.', '100MG'),
(492, 'CELECOMEX', 'GLES.', '100MG'),
(493, 'CELECOXIB LDM', 'GLES', '100MG'),
(494, 'CELECOXIB BEKER', 'GLES', '100MG'),
(495, 'CELVEX', 'GLES', '100MG'),
(496, 'CELECOXIB NOVAGENERICS', 'GLES', '100MG'),
(497, 'CELEBREX', 'GLES.', '100MG'),
(498, 'CELECOXIB ZENTIVA', 'GLES.', '100MG'),
(499, 'INICOX 100', 'GLES.', '100MG'),
(500, 'ARBREX', 'GLES.', '200MG'),
(501, 'CELECOXIB BEKER', 'GLES.', '200MG'),
(502, 'RUMABREX', 'GLES.', '200MG'),
(503, 'COXIBREX', 'GLES.', '200MG'),
(504, 'NOTOREX', 'GLES.', '200MG'),
(505, 'CIREXA', 'GLES', '200MG'),
(506, 'CELECOBREX HUP', 'GLES.', '200MG'),
(507, 'CELECOMEX', 'GLES', '200MG'),
(508, 'CELECOXIB LDM', 'GLES', '200MG'),
(509, 'INICOX 200', 'GLES.', '200MG'),
(510, 'CELVEX', 'GLES.', '200MG'),
(511, 'CELECOXIB NOVAGENERICS', 'GLES', '200MG'),
(512, 'CELEBREX', 'GLES.', '200MG'),
(513, 'CELEXAL', 'GLES', '200MG'),
(514, 'FLOVENAC LP', 'GLES. A MICROGRANULES GASTRORESIST. LP', '75MG'),
(515, 'BIOFENAC LP', 'COMP. PELLI. LP', '75MG'),
(516, 'CLOFENAL LP', 'GLES. L.P.', '75MG'),
(517, 'VOTREX', 'COMP. PELLI. LP', '75MG'),
(518, 'BIDICLO LP', 'MICROGRAULES A LIBeRATION PROLONGeE EN Gelule', '75mg'),
(519, 'DICLOFAL LP', 'COMP. PELLI. LP', '75MG'),
(520, 'APIFEN', 'COMP.', '200MG'),
(521, 'IBUPROFNE BEKER', 'COMP. PELLI.', '200MG'),
(522, 'BUTAFEN', 'GLES. A MICROGRLES.', '200MG'),
(523, 'REMOFEN', 'COMP. PELLI.', '200MG'),
(524, 'HUBIFEN', 'COMP. PELLI.', '200MG'),
(525, 'SAPOMEX', 'COMP. PELLI.', '200MG'),
(526, 'XYDOL 200', 'COMP. PELLI.', '200MG'),
(527, 'UBACTIVE 200MG', 'COMP PELL SEC', '200MG'),
(528, 'IBUPROFENE IVAL', 'COMP. ENRO.', '200MG'),
(529, 'ANTALFEN', 'COMP. PELLI.', '200MG'),
(530, 'UPFEN', 'COMP. PELLI.', '200MG'),
(531, 'IBUMAL', 'GLES.', '200MG'),
(532, 'IBUPRANE', 'COMP. PELLI.', '200MG'),
(533, 'IBUPROFAL', 'COMP. PELLI.', '200MG'),
(534, 'NEUPREN', 'COMP. PELLI.', '200MG'),
(535, 'BRUFEN', 'SUSP. BUV.', '20MG/ML (100MG/5ML)'),
(536, 'POLYPHENE', 'SUSP. BUV.', '20MG/ML'),
(537, 'GEFENE', 'SUSP. BUV.', '20MG/ML (100MG/5ML)'),
(538, 'PROF', 'SUSP. BUV.', '20MG/ML (100MG/5ML)'),
(539, 'ALGIFEN', 'SUSP. BUV.', '20MG/ML (100MG/5ML)'),
(540, 'BUFEN', 'SUSP. BUV.', '20MG/ML (100MG/5ML)'),
(541, 'REMOFEN', 'SOL. BUV.', '20MG/ML (100MG/5ML)'),
(542, 'CALMOFEN', 'SUSP,BUVABLE', '100MG/5ML'),
(543, 'RUMIFEN', 'SUSP. BUV.', '100MG/5ML'),
(544, 'IBUFEN', 'SOL. BUV.', '20MG/ML (100MG/5ML)'),
(545, 'NARUFENE 2%', 'SUSP. BUV. GOÃ›T PÃŠCHE', '20MG/ML (100MG/5ML)'),
(546, 'NEUPREN', 'SOL. BUV.', '20MG/ML (100MG/5ML)'),
(547, 'IBUGESIC', 'SUSP. BUV.', '20MG/ML (100MG/5ML)'),
(548, 'LAMIFENE', 'SOL. BUV.', '20MG/ML (100MG/5ML)'),
(549, 'ALVIL', 'SUSP. BUV.', '20MG/ML (100MG/5ML)'),
(550, 'ANTALFEN', 'SUSP. BUV.', '20MG/ML (100MG/5ML)'),
(551, 'VOTREX', 'SUPPO.', '12,5MG'),
(552, 'VOLTARENE 12,5MG', 'SUPPO.', '12,5MG'),
(553, 'IBUPROFENE BEKER', 'COMP. PELLI.', '600MG'),
(554, 'BUTAFEN', 'COMP. PELLI.', '600MG'),
(555, 'NEUPREN', 'COMP. PELLI.', '600MG'),
(556, 'HUBIFEN', 'COMP. PELLI.', '600MG'),
(557, 'SAPOMEX', 'COMP PELL', '600MG'),
(558, 'XYDOL 600', 'COMP. PELLI.', '600MG'),
(559, 'UBACTIVE 600MG', 'COMP PELL', '600MG'),
(560, 'NEOFEN', 'COMP. PELLI.', '600MG'),
(561, 'ANTALFEN', 'COMP PELL', '600MG'),
(562, 'SAPOFEN 600', 'COMP PELL', '600MG'),
(563, 'IBUPROFAL', 'COMP. PELLI.', '600MG'),
(564, 'DIACENE 50', 'GELULE', '50MG'),
(565, 'ARTROPI', 'GELULE', '50MG'),
(566, 'VOTREX', 'SUPPO.', '50MG'),
(567, 'FENAQUENE', 'SUPPO.', '50MG'),
(568, 'DICLOFAR', 'SUPPO.', '50MG'),
(569, 'NOPAIN', 'SUSP. BUV.', '125MG/5ML'),
(570, 'FENDOL', 'SUSP. BUV.', '50MG/5ML'),
(571, 'HARUFEN', 'PATCH', '30MG'),
(572, 'KEFENTECH', 'PATCH', '30MG'),
(573, 'BUTAFEN LP', 'MICROGRANULES LP EN GLES.', '400MG'),
(574, 'PROFEMIGR', 'COMP. SEC.', '150MG'),
(575, 'CYCLADOL', 'COMP. EFFERV.', '20MG  (COMPLEXE PIROXICAM BETA CYCLODEXTRINE 191,2'),
(576, 'FLEXEN', 'PDRE. ET SOLV. P. SOL. INJ.', '100MG/FL. DE PDRE.'),
(577, 'MOVEN', 'GLES.', '15MG'),
(578, 'MELOX', 'COMP.', '15MG'),
(579, 'OXIMAL', 'COMP.', '15MG'),
(580, 'MOTION 15', 'COMP.', '15MG'),
(581, 'DOLISED', 'COMP. SEC.', '200MG/400MG'),
(582, 'MOVEN', 'GLES.', '7,5MG'),
(583, 'MELOX', 'COMP.', '7,5MG'),
(584, 'OXIMAL', 'COMP.', '7,5MG'),
(585, 'VOLTARENE DOLO', 'COMP ENRO', '12,5MG'),
(586, 'DIVIDO', 'GLES. DOUBLE LIBERATION', '75MG'),
(587, 'RAPIDUS 50', 'COMP.ENRO.', '50MG'),
(588, 'VOTREX RAPID', 'COMP. ENRO.', '50MG'),
(589, 'CATAFLAM', 'COMP. ENRO.', '50MG'),
(590, 'NIFLURIC', 'SUPPO.', '200MG'),
(591, 'NIFLUMENE', 'SUPPO.', '200MG'),
(592, 'MEFESTAN', 'SUPPO. NOURRISON ET ENFANT', '125MG'),
(593, 'MEFESTAN', 'SUPPO. ENFANT ET ADULTE', '500MG'),
(594, 'APONIL', 'COMP. SEC.', '100MG'),
(595, 'PROFENID ENFANT ET NOURRISON', 'SIROP', '1MG/ML'),
(596, 'MEFESTAN', 'GLES.', '250MG'),
(597, 'MAFEPAIN', 'COMP ENRO SEC', '500MG'),
(598, 'DYNASTAT', 'POUDRE POUR SOL INJ IM/IV', '40MG / FLACON'),
(599, 'SAPBUFEN', 'GRANULES P/SOL. BUV. EN SACHET ADULTE', '600MG'),
(600, 'BIOFENAC FAST', 'POUDRE POUR SOLUTION BUVABLE EN SACHET', '50MG/SACHET'),
(601, 'VOTREX RAPID', 'GRANULES P/SOL. BUV. EN SACHET ADULTE', '50MG/SACHET'),
(602, 'MEGAMYLASE', 'COMP. ENRO.', '3000 U CEIP'),
(603, 'LAMYLASE', 'SIROP', '20 000 U CEIP/100ML'),
(604, 'XIMALEX', 'SIROP', '20 000 U CEIP/100ML'),
(605, 'MAXILASE', 'SIROP ENF. ET AD.', '20 000 U CEIP/100ML'),
(606, 'BLEOMYCINE', 'PDRE.SOL.INJ.', '15MG'),
(607, 'BLOICIN -S', 'PDRE.SOL.INJ.', '15MG (15 UI)'),
(608, 'FAMISAS', 'COMP.', '50MG'),
(609, 'ARACYTINE', 'PDRE ET SOLV. POUR SOL.INJ.', '100MG'),
(610, 'DETICENE', 'PDRE.SOL.INJ.', '100MG'),
(611, 'DTI', 'PDRE P. SOL A DILUER P. PERF IV', '100MG'),
(612, 'CERUBIDINE', 'PDRE.SOL.POUR PERFUSION IV', '20MG'),
(613, 'ETOPOSID EBEWE 100MG', 'CONCENTRE PERF. IV', '20MG/ML (OU 100MG/5ML)'),
(614, 'ETOSID', 'SOL. INJ.', '20MG/ML (OU 100MG/5ML)'),
(615, 'HYDREA', 'GLES', '500MG'),
(616, 'ALKERAN', 'COMP. PELLI.', '2MG'),
(617, 'PURINETHOL', 'COMP.SEC.', '50MG'),
(618, 'METHOTREXAT \"EBEWE\"', 'PDRE.SOL.INJ.', '1000MG'),
(619, 'METHOTREXAT EBEWE', 'COMP', '2,5MG'),
(620, 'CYTOTREX', 'COMP.', '2,5MG'),
(621, 'ARACYTINE', 'PDRE.SOL.INJ.', '500MG'),
(622, 'ARACYTINE', 'LYOPH. P. USAG. PARENT. IV', '1G'),
(623, '5-FLUOROURACIL EBEWE', 'SOL INJ', '50MG/ML**  (OU 250MG/5ML -  500MG/10ML -  1000MG/2'),
(624, 'NAVELBINE', 'SOL.INJ.', '10MG/ML'),
(625, 'VINORELBIN EBEWE', 'SOL. INJ. IV', '10MG/ML (10MG/ML ET 50MG/5ML)'),
(626, 'NAVELBINE', 'SOL.INJ.', '50MG/5ML'),
(627, 'PACLITAXEL EBEWE', 'SOL INJ', '6MG/ML (OU 30MG/5ML, 100MG/16,7ML,150MG/25ML, ET 3'),
(628, 'CAMPTO', 'SOL. A  DILUER  PERF. IV STRICTE', '20MG/ML  (OU 40MG/2ML  ET 100MG/5ML)'),
(629, 'GEMZAR', 'LYOPHILISAT SOL INJ IV', '1G/50ML'),
(630, 'MECITABINE', 'PDRE. LYOP. P. SOL. P. PERF. IV.', '1000MG'),
(631, 'CYTOCARB', 'SOL.INJ PERF', '10MG /ML (OU  150MG/15ML  -  450MG/45ML)'),
(632, 'OXALIPLATIN EBEWE', 'PDRE. SOL. INJ. IV', '5MG/ML  (OU 50MG/10ML ET 100MG/20ML)'),
(633, 'MECITABINE', 'PDRE LYOPHILISEE P/INJ. EN PERF. IV', '200MG/FL. DE PDRE'),
(634, 'GEMZAR', 'PDRE. SOL. PERF. IV', '200MG'),
(635, 'EPIRUBICIN EBEWE', 'SOL.  PERF.', '2MG/ML (10MG/5ML -  50MG/25ML  -  100MG/50ML).'),
(636, 'IMATIB', 'GLES.', '100MG'),
(637, 'GLIVEC', 'COMP. PELLI.', '100MG'),
(638, 'ALEXAN', 'SOL INJ', '50MG/ML (OU 500MG/10ML -  1000MG/20ML)'),
(639, 'CYTOPLATIN-10', 'SOL. INJ. POUR PERF.', '0,5MG/ML (OU 10MG/20ML)'),
(640, 'CYTOPLATIN-50', 'SOL. INJ. POUR PERF.', '1MG/ML (OU 50MG/50ML)'),
(641, 'IMUREL', 'COMP. PELLI.', '50MG'),
(642, 'AZATHIOPRINE MYLAN', 'COMP. PELLI. SEC.', '50MG'),
(643, 'SANDIMMUN', 'CONC.SOL.PER IV', '50MG/ML'),
(644, 'SANDIMMUN NEORAL', 'SOL .BUV.', '100MG/ML'),
(645, 'IMUSPORIN 25', 'CAPS. MOLLES', '25MG'),
(646, 'IMUSPORIN-100', 'CAPS. MOLLES', '100MG'),
(647, 'IMUSPORIN 50', 'CAPS. MOLLES', '50MG'),
(648, 'TACROLIMUS CINFA', 'GLES', '1MG'),
(649, 'PROGRAF', 'GLES.', '1MG'),
(650, 'TACROLIMUS CINFA', 'GLES', '5MG'),
(651, 'PROGRAF', 'GLES.', '5MG'),
(652, 'TACROLIMUS CINFA', 'GLES', '0,5MG'),
(653, 'PROGRAF', 'GLES.', '0,5MG'),
(654, 'IMALEK 100', 'COMP.', '100MG'),
(655, 'IMATIB 400', 'COMP.', '400MG'),
(656, 'IMALEK 400', 'COMP.', '400MG'),
(657, 'SUTENT', 'GLES.', '12,5MG'),
(658, 'SUTENT', 'GLES.', '25MG'),
(659, 'SUTENT', 'GLES.', '50MG'),
(660, 'NEXAVAR', 'COMP. PELLI.', '200MG'),
(661, 'TYKERB', 'COMP. PELLI.', '250MG'),
(662, 'SPRYCEL', 'COMP. PELLI.', '20MG'),
(663, 'SPRYCEL', 'COMP. PELLI.', '50MG'),
(664, 'SPRYCEL', 'COMP. PELLI.', '70MG'),
(665, 'TASIGNA', 'GLES.', '200MG'),
(666, 'TASIGNA', 'GLES.', '150 MG'),
(667, 'IRESSA', 'COMP. PELLI.', '250MG'),
(668, 'VOTRIENT', 'COMP. PELLI.', '200MG'),
(669, 'VOTRIENT', 'COMP. PELLI.', '400MG'),
(670, 'BIRLOTIB', 'COMP. PELLI.', '100MG'),
(671, 'BIRLOTIB', 'COMP. PELLI.', '150MG'),
(672, 'STIVARGRA', 'COMP. PELLI.', '40MG'),
(673, 'AFINITOR', 'COMP', '5MG'),
(674, 'AFINITOR', 'COMP', '10 MG'),
(675, 'XALKORI', 'GeLULE', '250 MG'),
(676, 'XALKORI', 'GeLULE', '200 MG'),
(677, 'MABTHERA', 'SOL. CONC. A DILUER P. PERF.', '10MG/ML (100MG/10ML ET 500MG/50ML)'),
(678, 'CANMAB 150', 'PDRE. ET SOLV. P. SOL. A DILUER P. PERF. IV', '150MG/FL. DE PDRE'),
(679, 'HERCEPTIN', 'LYOPH. SOL. INJ.', '150MG/FL. DE LYOPH.'),
(680, 'ERBITUX', 'SOL. INJ. PERF.', '2MG/ML (OU 100MG/50ML)'),
(681, 'AVASTIN', 'SOL. A DILUER PERF.', '25MG/ML (OU 100MG/4ML - 400MG/16ML)'),
(682, 'CIMAHER', 'SOL. INJ. IV', '5MG/ML (50MG/10ML)'),
(683, 'ERBITUX', 'SOL. INJ. P. PERF.', '5MG/ML (100MG/20ML - 500MG/100ML)'),
(684, 'VECTIBIX', 'SOL. A DILUER P. PERF. IV', '20MG/ML (100MG/5ML) (400MG/20ML)'),
(685, 'REMSIMA', 'PDRE P. SOL A DILUER P. PERF  IV', '100MG/FL'),
(686, 'REMICADE', 'PDRE P. SOL A DILUER P. PERF IV', '100MG/FL (10MG/ML APRES RECONSTITUTION)'),
(687, 'HERTRAZ 440', 'PDRE. ET SOLV. P. SOL. A DILUER P. PERF. IV', '440MG/FL. DE PDRE.'),
(688, 'KEYTRUDA', 'SOLUTION a DILUER POUR PERFUSION', '25 MG/ML'),
(689, 'PERJETA', 'SOLUTION a DILUER POUR PERFUSION IV', '30 MG/ML'),
(690, 'OPDIVO', 'SOLUTION a DILUER POUR PERFUSION', '10 MG/ML'),
(691, 'ADCETRIS', 'POUDRE POUR SOLUTION A DILUER POUR PERFUSION', '5 MG / ML'),
(692, 'KADCYLA', 'POUDRE POUR SOLUTION A DILUER POUR PERFUSION', '20 MG/ML'),
(693, 'ENANTONE LP', 'PDRE. ET SOLV. POUR SUSP. INJ. S.C./I.M.  L.P.', '1,875 MG/ML (OU 3,75MG/2ML)'),
(694, 'ENANTONE LP 11,25MG', 'MICROSPHERES ET SOL. POUR USAGE PARENT.S.C./I.M.  ', '11,25MG/ FL. DE PDRE'),
(695, 'TAMOXIFENE MYLAN', 'COMP.', '10MG'),
(696, 'CYTOTAM-20', 'COMP.', '20MG'),
(697, 'TAMOXIFENE MYLAN', 'COMP.', '20MG'),
(698, 'DECAPEPTYL  L.P.', 'PDRE. ET SOLVT. P.SUSP. INJ. IM ET S/C LP SUR 03MO', '11,25MG/FL. DE PDRE.'),
(699, 'ZYTIGA', 'COMP.', '250MG'),
(700, 'FASLODEX', 'SOL. INJ. IM EN SERING. PREREMPL.', '250MG/SERING. DE 5ML'),
(701, 'ELIGARD', 'PDRE. ET SOLV. P. SOL. INJ. SC DIFFUSION LENTE SUR', '22,5MG'),
(702, 'ELIGARD', 'PDRE. ET SOLV. P. SOL. INJ. SC DIFFUSION LENTE SUR', '45MG'),
(703, 'XTANDI', 'CAPSULE MOLLE', '40MG'),
(704, 'ZOLDRIA', 'LYOPH. ET SOLV. P. SOL. A DILUER P. PERF. IV', '4MG/FL. DE PDRE.'),
(705, 'ZOLIDRO', 'SOL. A DILUER P. PERF. IV', '0,8MG/ML (4MG/5ML)'),
(706, 'ACIDE ZOLEDRONIQUE HIKMA', 'PDRE LYOPHILISEE P/ PERF IV', '4MG/FLACON'),
(707, 'ZOLENAT', 'SOL. CONC. P. PERF. IV', '4MG/FL. DE CONC.'),
(708, 'ZOBONE', 'LYOPH. P. SOL. INJ. IV', '4MG/FL. DE LYOPH.'),
(709, 'ZOMETA', 'SOL. A DILUER PERF.IV', '0,8MG/ML (4MG/5ML)'),
(710, 'BONEFOS', 'COMP. PELLI.', '800MG'),
(711, 'ACLASTA', 'SOL INJ P/PERF', '5MG/100ML'),
(712, 'XGEVA', 'SOL. INJ. SC', '70MG/ML (120MG/1,7ML)'),
(713, 'KIDROLASE', 'PDRE.SOL.INJ. IV/ IM / PERF./ INTR-RACHIDIENNE', '10.000 UI/FL. DE PDRE.'),
(714, 'CONSIUM', 'PDRE. P. SOL. INJ. IV', '100MG/FL. DE PDRE.'),
(715, 'ENDOXAN', 'PDRE. P. SOL. INJ. IV', '200MG/FL. DE PDRE.'),
(716, 'FAMISAS', 'PDRE. P. SOL. INJ. IV', '200MG/FL. DE PDRE.'),
(717, 'ENDOXAN', 'PDRE. P. SOL. INJ. IV', '500MG/FL. DE PDRE.'),
(718, 'FAMISAS', 'PDRE. P. SOL. INJ. IV', '500MG/FL. DE PDRE.'),
(719, 'ENDOXAN', 'COMP. ENRO.', '50MG'),
(720, 'DAUNOTEC', 'LYOPHILISAT ET SOLVANT POUR SOL. INJ.', '20MG/FL. DE LYOPHILISAT'),
(721, 'DAUNOCIN', 'POUDRE POUR SOLUTION INJECTABLE', '20 MG /FL'),
(722, 'ONCODOX-10', 'LYOPH. P. SOL. INJ. IV', '10MG/FL. DE LYOPH.'),
(723, 'DOXORUBICINE \"EBEWE\"', 'CONCENTRE SOL. INJ. PERF.', '2MG/ML (10MG/5ML -  50MG/25ML)'),
(724, 'ONCODOX-50', 'LYOPH. P. SOL. INJ. IV', '50MG/FL. DE LYOPH.'),
(725, 'POSIDAN', 'SOL. INJ.', '20MG/ML (OU 100MG/5ML)'),
(726, 'ETOPOSIDE MYLAN', 'SOL. A DILUER P. PERF. IV', '20MG/ML (100MG/5ML)'),
(727, 'METHOTREXATE MYLAN', 'SOL. INJ.', '2,5MG/ML (OU 5MG/2ML)'),
(728, 'METHOTREXATE MYLAN', 'SOL. INJ.', '25MG/ML (OU 50MG/2ML - 500MG/20ML)'),
(729, 'VELBASTINE', 'POUDRE ET SOLVANT POUR SOL INJ IV', '10 MG'),
(730, 'UTORAL', 'SOL INJ', '50MG/ML'),
(731, 'MITOXANTRON EBEWE', 'CONC. SOL.INJ.PERF. IV', '2MG/ML (20MG/10ML)'),
(732, 'TAXOTERE', 'SOL. A DILUER P. PERF IV', '20MG/FL. DE 1ML'),
(733, 'DOCETAX 20', 'CONC. SOL.INJ.', '20MG/FL. DE CONC.'),
(734, 'DOCEFREZ 20', 'LYOPH. ET SOLV. P. PERF. IV', '20MG/FL. DE LYOPH.'),
(735, 'TAXOTERE', 'SOL. A DILUER P. PERF IV', '80MG/FL. DE 4ML'),
(736, 'DOCETAX 80', 'SOL. CONC. INJ.', '80MG/FL. DE CONC.'),
(737, 'DOCEFREZ 80', 'LYOPH. ET SOLV. P. PERF. IV', '80MG/FL. DE LYOPH.'),
(738, 'FLUDARABINE EBEWE', 'CONC. SOL.INJ.PERF. IV', '25MG/ML (50MG/2ML)'),
(739, 'FLUDARA', 'LYOPH. P. SOL. INJ. P. PERF. IV', '50MG/FL. DE PDRE'),
(740, 'ERTICAN', 'SOL. INJ. P. PERF. IV', '20MG/ML (40MG/2ML - 100MG/5ML)'),
(741, 'TEKAMEN', 'SOL. P. PERF. IV', '20MG/ML (40MG/2ML) (100MG/5ML)'),
(742, 'IRINOTECAN MYLAN', 'SOL A DILUER P. PERF IV', '20MG/ML (100MG/5ML) (40MG/2ML)'),
(743, 'GEMCITABIN EBEWE', 'CONC. P. SOL.INJ. P. PERF.IV', '10MG/ML (1000MG/100ML)'),
(744, 'CITAFINE', 'PDRE. P. SOL. INJ. IV', '1G/FL. DE PDRE.'),
(745, 'CARBOPLATINE MYLAN', 'SOL. INJ. PERF.', '10MG/ML  (OU 50MG/5/ML -  150MG/15ML -  450MG/45ML'),
(746, 'OXALIPLATINE MYLAN', 'PDRE. P. SOL. P. PERF.', '50MG/FL. DE PDRE. (5MG/ML DE SOL. RECONSTITUEE)'),
(747, 'ELOXATINE', 'LYOPH. PERF. ET SOL. A DILUER PERF.', '50MG/ FL. DE LYOPH. ET 50MG/FL. DE SOL. A DILUER ('),
(748, 'OXIPLAT 50', 'CONC. A DILUER P. PERF. IV', '50MG/FL. DE CONC. (5MG/ML OU 50MG/10ML)'),
(749, 'OXALIPLATINE MYLAN', 'PDRE. P. SOL. P. PERF.', '100MG/FL. DE PDRE. (5MG/ML DE SOL. RECONSTITUEE)'),
(750, 'ELOXATINE', 'LYOPH. PERF. ET SOL. A DILUER PERF.', '100MG/FL. DE LYOPH. ET 100MG/FL. DE SOL. A DILUER '),
(751, 'OXIPLAT 100', 'CONC. A DILUER P. PERF. IV', '100MG/FL. DE CONC. (5MG/ML OU 100MG/20ML)'),
(752, 'GEMCITABIN EBEWE', 'CONC. P. SOL.INJ. P. PERF.IV', '10MG/ML (200MG/20ML)'),
(753, 'PACLITAX', 'SOL. A DILUER P. PERF.', '6MG/ML (30MG/5ML - 100MG/16,5ML - 300MG/50ML)'),
(754, 'ALIMTA', 'PDRE. LYOPH. P. SOL. A DILUER P. PERF.', '500MG/FL. DE PDRE.'),
(755, 'PREXET', 'PDRE. LYOPH. P. SOL. A DILUER P. PERF. IV.', '500MG/FL. DE PDRE.'),
(756, 'PIRUCIN', 'SOL. P. PERF. IV', '2MG/ML (10MG/5ML - 50MG/25ML ET 200MG/100ML)'),
(757, 'EPIRUBICINE MYLAN', 'SOL. P. PERF. IV', '2MG/ML (10MG/5ML - 50MG/25ML- 100MG/50ML  ET 200MG'),
(758, 'EPINTAS', 'SOL. INJ. P. PERF. IV', '2MG/ML (10MG/5ML  ET 50MG/25ML)'),
(759, 'EPIRUDEX', 'SOL. P. PERF. IV', '2MG/ML (10MG/5ML - 50MG/25ML )'),
(760, 'ENDOXAN', 'PDRE. P. SOL. INJ. IV', '1G/FL. DE PDRE'),
(761, 'HOLOXAN', 'PDRE. SOL. INJ. IV', '1G/FL. DE PDRE.'),
(762, 'IFOXAN', 'PDRE. SOL. INJ. IV', '1G/FL. DE PDRE.'),
(763, 'CAPEGARD 500', 'COMP. PELLI.', '500MG'),
(764, 'CAPEMAX 500', 'COMP. PELLI.', '500MG'),
(765, 'XELODA', 'COMP. PELLI.', '500MG'),
(766, 'CISPLATINE MYLAN', 'SOL INJ A DILUER POUR PERFUSION IV', '1MG/ML'),
(767, 'NAVELBINE', 'CAPS. MOLLES', '20MG'),
(768, 'NAVELBINE', 'CAPS. MOLLES', '30MG'),
(769, 'METHOTREXAT EBEWE', 'SOL.INJ.', '10MG/ML (OU 50MG/5ML)'),
(770, 'METHOTREXATE MYLAN', 'SOL. INJ.', '100MG/ML (1G/10ML - 5G/50ML)'),
(771, 'TEMOSIDE 100', 'GLES.', '100MG'),
(772, 'TEMOSIDE 250', 'GLES.', '250MG'),
(773, 'HOLOXAN', 'PDRE. SOL. INJ. IV', '2G/FL. DE PDRE.'),
(774, 'GEMCITABIN EBEWE', 'CONC. P. SOL.INJ. P. PERF.IV', '10MG/ML (500MG/50ML)'),
(775, 'FLUDARA', 'COMP. PELLI.', '10MG'),
(776, 'DOCETAX 120', 'CONC. SOL.INJ.', '120MG/FL. DE CONC.'),
(777, 'BORTERO', 'LYOPH POUR SOL INJ', '3,5MG/FL.'),
(778, 'VELCADE', 'PDRE. SOL. INJ. IV', '3,5MG/FL. DE PDRE. (OU 1MG/ML DE SOL. RECONSTITUEE'),
(779, 'PREXET', 'POUDRE LYOPHILISe POUR SOLUTION a DILUER POUR PERF', '100 MG/ FLACON (20mg/ ml)'),
(780, 'ARASID 100 - ARASID 500 - ARASID 1000', 'SOL. INJ. P. PERF. IV OU SC', '100M/ML (500MG/5ML - 1000MG/10ML)'),
(781, 'ZECYTE-100', 'SOL. INJ. IV', '100MG/ML'),
(782, 'JAVLOR', 'SOL. A DILUER P. PERF. IV', '25MG/ML (50MG/2ML ET 250MG/10ML)'),
(783, 'TEMOSIDE-20', 'GLES.', '20MG'),
(784, 'RIBOMUSTIN', 'PDRE. P. SOL. A DILIER P. PERF. IV.', '2,5MG/ML (APRES RECONSTITUTION)'),
(785, 'BENDAMUSTINE HYDROCHLORIDE ACCORD', 'PDRE. P. SOL. A DILIER P. PERF. IV.', '2,5MG/ML (APRES RECONSTITUTION)'),
(786, 'JEVTANA', 'SOL. A DILUER ET SOLVANT P./SOL. P./PERF. IV', '40MG/ML (60MG/1,5ML)'),
(787, 'RUBIDEX', 'SOL INJ POUR PER IV', '2MG/ML ( 10MG/5ML) ET (50MG/25ML)'),
(788, 'WINDUZA', 'PDRE LYOPHILISEE P. SUSP. INJ', '25 MG/ML ( 100 MG/FL )'),
(789, 'VIDAZA', 'PDRE P. SUSP. INJ S/C', '25 MG/ML'),
(790, 'LEUKERAN', 'CP PELL', '2 MG'),
(791, 'CALCIUM FOLINATE EBEWE', 'SOL. INJ. IM/IV', '10MG/ML ( 50MG/5ML)'),
(792, 'UROMITEXAN', 'SOL. INJ. IV', '100MG/ML (400MG/4ML)'),
(793, 'NOSITRON', 'COMP. ORODISPERS.', '4MG'),
(794, 'NOSITRON', 'COMP. ORODISPERS.', '8MG'),
(795, 'REVLIMID', 'GELULE', '5MG'),
(796, 'REVLIMID', 'GELULE', '10MG'),
(797, 'REVLIMID', 'GELULE', '15MG'),
(798, 'REVLIMID', 'GELULE', '25MG'),
(799, 'GIOTRIF', 'COMP PELL', '30 MG'),
(800, 'GIOTRIF', 'COMP PELL', '20 MG'),
(801, 'GIOTRIF', 'COMP PELL', '40 MG'),
(802, 'GIOTRIF', 'COMP PELL', '50 MG'),
(803, 'IBRANCE', 'GeLULE', '125 MG'),
(804, 'IBRANCE', 'GeLULE', '75 MG'),
(805, 'IBRANCE', 'GeLULE', '100 MG'),
(806, 'ERIVEDGE', 'GeLULE', '150 MG'),
(807, 'TELMISARTE +', 'COMP', '80MG/25 MG'),
(808, 'CARDITEL', 'COMP', '80MG'),
(809, 'ADRENALINE AGUETTANT', 'SOL.INJ.', '0,25MG/ML'),
(810, 'ADRENALINE AGUETTANT', 'SOL.INJ.', '1MG/ML'),
(811, 'ADRENALINE RAZES SANS SULFITE', 'SOL INJ', '1MG/ML'),
(812, 'DOBUTAMINE MYLAN', 'SOL. INJ. A DILUER  PERF.', '12,5MG/ML (250MG/20ML)'),
(813, 'DOPAMINE-200', 'SOL. INJ. PERF.', '40MG/ML (200MG/5ML)'),
(814, 'NORADRENALINE', 'SOL.INJ.', '8MG/4ML'),
(815, 'NORADRENALINE RAZES', 'SOLUTION a DILUER POUR PERFUSION IV', '8MG/4ML'),
(816, 'DOBUTAMINE-250', 'LYOPH. SOL. PERF. IV', '250MG/FL. DE PDRE.'),
(817, 'DILTIAL', 'COMP.', '60MG'),
(818, 'TILDIEM', 'COMP.', '60MG'),
(819, 'CITIZEN', 'COMP LP', '300MG'),
(820, 'ZALAXAN LP 300MG', 'MICROGLES. LP EN GLES.', '300MG'),
(821, 'MONO-TILDIEM LP', 'MICROGLES. LP EN GLES.', '300MG'),
(822, 'LOXEN', 'COMP.', '20MG'),
(823, 'CARDIPEN LP', 'MICROGRLES. LP EN GLES.', '50MG'),
(824, 'NICARDIPINE BIOCARE LP', 'GLES. A MICROGRANULES LP', '50MG'),
(825, 'PULSAGEN LP', 'GLES. A MICROGRANULES LP', '50MG'),
(826, 'LOXIDIPINE LP', 'MICRGLES. LP EN GLES.', '50MG'),
(827, 'LOXEN LP', 'MICROGRLES. LP EN GLES.', '50MG'),
(828, 'NICARDIL LP', 'GLES. MICROGRANULES LP', '50MG'),
(829, 'NICARDEX', 'SOL INJ IV', '1MG/ML (10MG/10ML)'),
(830, 'LOXEN', 'SOL.INJ. IV', '1MG/ML (10MG/10ML)'),
(831, 'EPILAT 10', 'GLES', '10MG'),
(832, 'ADIPINE', 'COMP.', '10MG'),
(833, 'ADIPINE', 'GLES. A ÂµGRLES.  LP', '20MG'),
(834, 'AMLOMED', 'COMP. PELLI.', '5MG'),
(835, 'AMLODIPINE BEKER', 'GLES', '5MG'),
(836, 'LOTENSE', 'GLES.', '5MG'),
(837, 'AMLOPINE', 'GLES.', '5MG'),
(838, 'LOWVASC', 'GLES.', '5MG'),
(839, 'AMLODIPINE LDM', 'GLES.', '5MG'),
(840, 'AMLODIPINE MM', 'COMP. PELLI.', '5MG'),
(841, 'AMLOR', 'GLES.', '5MG'),
(842, 'AMLORIDAL', 'GLES.', '5MG'),
(843, 'AMLODEX', 'GLES.', '5MG'),
(844, 'AMLIBON', 'COMP.', '5MG'),
(845, 'AMLODAL', 'COMP', '5MG'),
(846, 'AMLODIPAL', 'GLES', '5MG'),
(847, 'AMLODIPINE ZENTIVA', 'COMP.', '5MG'),
(848, 'TENSODIPINE', 'GLES.', '5MG'),
(849, 'ALODIPINE', 'GLES.', '5MG'),
(850, 'DILTIAZEM - BAYER LP', 'GLES LP', '90MG'),
(851, 'ZALAXAN LP', 'GLES. A ÂµGRLES LP', '90MG'),
(852, 'ZALAXAN LP', 'ÂµGRLES. EN GLES. LP', '120MG'),
(853, 'DILTIAZEM - BAYER LP', 'GLES.LP', '120MG'),
(854, 'ZALAXAN LP', 'ÂµGRLES. EN GLES. LP', '180MG'),
(855, 'AMLODIPINE BEKER', 'GLES', '10MG'),
(856, 'AMLODIPINE LDM', 'GLES.', '10MG'),
(857, 'AMLOR', 'GLES.', '10MG'),
(858, 'ALODIPINE', 'GLES.', '10MG'),
(859, 'AMLODAL', 'COMP. SEC.', '10MG'),
(860, 'AMLORIDAL', 'GLES.', '10MG'),
(861, 'AMLODIPINE ZENTIVA', 'COMP. SEC.', '10MG'),
(862, 'LOTENSE', 'GLES.', '10MG'),
(863, 'TENSODIPINE', 'GLES.', '10MG'),
(864, 'AMLIBON', 'COMP.', '10MG'),
(865, 'UNISIA', 'COMP', '5MG/8MG'),
(866, 'MOLSINE', 'COMP. SEC.', '2MG'),
(867, 'MOLSIDOMINE BEKER', 'COMP SEC', '2MG'),
(868, 'VAZOTEK 2', 'COMP. SEC.', '2MG'),
(869, 'INVERTER', 'COMP. SEC.', '2MG'),
(870, 'CORVASAL', 'COMP. SEC.', '2MG'),
(871, 'MOLSIDOMINE IVAL', 'COMP. SEC.', '2MG'),
(872, 'DIALOMINE', 'COMP. SEC.', '2MG'),
(873, 'MOLSIDOMINE BEKER', 'COMP.', '4MG'),
(874, 'VAZOTEK 4', 'COMP. SEC.', '4MG'),
(875, 'INVERTER', 'COMP. SEC.', '4MG'),
(876, 'CORVASAL', 'COMP. SEC.', '4MG'),
(877, 'MOLSINE', 'COMP.', '4MG'),
(878, 'MOLSIDOMINE IVAL', 'COMP. SEC.', '4MG'),
(879, 'ANGODAL', 'COMP. SEC.', '10MG'),
(880, 'ISOKET', 'COMP', '10MG'),
(881, 'ISOKET', 'COMP', '20MG'),
(882, 'ANGODAL', 'GLES.LP', '20MG'),
(883, 'LENITRAL', 'GLES.', '2,5MG'),
(884, 'LENITRAL', 'SOL.INJ.', '3MG/2ML'),
(885, 'LENITRAL', 'SOL.INJ.', '15MG/10ML'),
(886, 'AGRASTAT', 'SOL. A DILUER P. PERF. IV', '0,25MG/ML'),
(887, 'PROCORALAN', 'COMP. PELLI.', '5MG'),
(888, 'PROCORALAN', 'COMP. PELLI.', '7,5MG'),
(889, 'SEDACORON', 'SOL.INJ.IV.', '50MG/ML (150MG/3ML)'),
(890, 'AMIOCARDONE', 'SOL. INJ. IV', '50MG/ML (150MG/3ML)'),
(891, 'CORDARONE', 'SOL.INJ.IV.', '50MG/ML (150MG/3ML)'),
(892, 'SEDACORON', 'COMP. SEC.', '200MG'),
(893, 'AMIODARONE HUP', 'COMP SEC', '200MG'),
(894, 'TRIAXONE', 'COMP SEC', '200MG'),
(895, 'AMIOCARDONE', 'COMP. SEC.', '200MG'),
(896, 'CORDARONE', 'COMP.SEC', '200MG'),
(897, 'FLECAINE', 'COMP.', '100MG'),
(898, 'TENSIOPRIL', 'COMP', '25MG'),
(899, 'TENSOPREL', 'COMP. QUADRISEC.', '25MG'),
(900, 'SAIPRIL', 'COMP', '25MG'),
(901, 'LOPRIL', 'COMP. SEC.', '25MG'),
(902, 'CAPTOPRIL LS', 'COMP. SEC.', '25MG'),
(903, 'TENSIOPRIL', 'COMP', '50MG'),
(904, 'TENSOPREL', 'COMP. SEC.', '50MG'),
(905, 'SAIPRIL', 'COMP', '50MG'),
(906, 'CAPTOPRIL LS', 'COMP. SEC.', '50MG'),
(907, 'LOPRIL', 'COMP. SEC.', '50MG'),
(908, 'CATAPRESSAN', 'SOL.INJ.', '0,15MG/ML'),
(909, 'CATAPRESSAN', 'COMP.', '0,15MG'),
(910, 'CRONIDINE', 'COMP.', '0,15MG'),
(911, 'ENALAPRIL MYLAN', 'COMP. SEC.', '5MG'),
(912, 'ANGIOPRIL', 'COMP.', '5MG'),
(913, 'CORPRILOR', 'COMP.SEC.', '5MG'),
(914, 'ENALAPRIL', 'COMP.SEC.', '20MG'),
(915, 'ENALAPRIL MYLAN', 'COMP. SEC.', '20MG'),
(916, 'ANGIOPRIL', 'COMP.', '20MG'),
(917, 'CORPRILOR', 'COMP SEC', '20MG'),
(918, 'LASYTEQ', 'COMP.', '20MG'),
(919, 'ALDOMET', 'COMP. PELLI.', '250MG'),
(920, 'BEKTAL', 'COMP. PELLI. SEC.', '50MG'),
(921, 'LOZARTAN GEO', 'COMP PELL', '50MG'),
(922, 'NORTA', 'COMP. PELLI. SEC.', '50MG'),
(923, 'LOSARTAN LDM', 'COMP. PELLI. SEC.', '50MG'),
(924, 'HYSARTAN', 'COMP. PELLI. SEC.', '50MG'),
(925, 'ANGIZAR', 'COMP. PELLI. SEC.', '50MG'),
(926, 'TRIAMPEX', 'GLES.', '2,5MG'),
(927, 'TANATRIL', 'COMP SEC', '2,5MG'),
(928, 'RAMIPRIL BEKER', 'COMP SEC', '2,5MG'),
(929, 'RAMIPRIL IVAL', 'COMP. SEC.', '2,5MG'),
(930, 'RENIPRIL', 'COMP. SEC.', '2,5MG'),
(931, 'TRIATEC', 'COMP.SEC.', '2,5MG'),
(932, 'RAMITEC', 'GLES.', '2,5MG'),
(933, 'TANATRIL', 'COMP. SEC.', '5MG'),
(934, 'RAMIPRIL BEKER', 'COMP. SEC.', '5MG'),
(935, 'RAMIPRIL IVAL', 'COMP. SEC.', '5MG'),
(936, 'RENIPRIL', 'COMP. SEC.', '5MG'),
(937, 'RAMINORM', 'COMP.', '5MG'),
(938, 'TRIATEC', 'COMP. SEC.', '5MG'),
(939, 'TRIAMPEX', 'GLES.', '5MG'),
(940, 'RAMITEC', 'GLES.', '5MG'),
(941, 'ACUITEL', 'COMP. ENRO. SEC.', '5MG'),
(942, 'ACUITEL', 'COMP. ENRO. SEC.', '20MG'),
(943, 'ACUILIX', 'COMP .PELLI .SEC', '20MG/12,5MG'),
(944, 'QUINAPRIL / HYDROCHLOROTHIAZIDE WINTHROP', 'COMP. PELLI. SEC.', '20MG/12,5MG'),
(945, 'CAPOCARD PLUS', 'COMP .SEC.', '50MG/25MG'),
(946, 'CO-TENSOPREL', 'COMP', '50MG/25MG'),
(947, 'PRIAZIDE', 'COMP. SEC.', '50MG/25MG'),
(948, 'ECAZIDE', 'COMP .SEC.', '50MG/25MG'),
(949, 'SAIPRIL PLUS', 'COMP.', '50MG/25MG'),
(950, 'TANATRIL', 'COMP', '1,25MG'),
(951, 'TRIATEC', 'COMP.', '1,25MG'),
(952, 'RENIPRIL', 'COMP. SEC.', '1,25MG'),
(953, 'PHYSIOTENS 0,2', 'COMP. PELLI.', '0,2MG'),
(954, 'MOXONIDINE BEKER', 'COMP. PELLI.', '0,2MG'),
(955, 'PHYSIOTENS 0,4', 'COMP. PELLI.', '0,4MG'),
(956, 'MOXONIDINE BEKER', 'COMP. PELLI.', '0,4MG'),
(957, 'VALACLOR 40', 'COMP. PELLI.', '40MG'),
(958, 'VALASTAN', 'COMP. PELLI.', '80MG'),
(959, 'SARTEG', 'COMP. PELLI.', '80MG'),
(960, 'ARBITAN', 'COMP PELL', '80MG'),
(961, 'RETA 80', 'COMP PELL SEC', '80MG'),
(962, 'VALSARTAN LDM', 'COMP. PELLI. SEC.', '80MG'),
(963, 'VALEX 80', 'COMP. PELLI. SEC.', '80MG'),
(964, 'VESTAG', 'COMP. PELLI.', '80MG'),
(965, 'TAREG', 'COMP.PELLI.', '80MG'),
(966, 'VALACLOR 80', 'COMP. PELLI.', '80MG'),
(967, 'VALSIS', 'COMP. PELLI. SEC.', '80MG'),
(968, 'VALSARTAL', 'COMP. PELLI. SEC.', '80MG'),
(969, 'DIVALAN', 'COMP PELL', '80MG'),
(970, 'VALSAN', 'COMP. PELLI.', '80MG'),
(971, 'IRBAC', 'COMP. PELLI.', '150MG'),
(972, 'IRBISART', 'COMP. PELLI.', '150MG'),
(973, 'IRBEVEL', 'COMP. PELLI.', '150MG'),
(974, 'APROSART', 'COMP.', '150MG'),
(975, 'ARADEX 150', 'COMP. SEC.', '150MG'),
(976, 'ZIBRAT', 'COMP. PELLI.', '150MG'),
(977, 'IROVEL', 'COMP PELL', '150MG'),
(978, 'APRIVAL', 'COMP. PELLI.', '150MG'),
(979, 'ARAVEL', 'COMP. PELLI.', '150MG'),
(980, 'LATENSIA', 'COMP. SEC.', '150MG'),
(981, 'APROVEL', 'COMP PELLI.', '150MG'),
(982, 'IRBE 150', 'COMP', '150MG'),
(983, 'IRBEK', 'COMP.', '150MG'),
(984, 'CARDIOTENS', 'COMP. PELLI.', '150MG'),
(985, 'IRBAC', 'COMP. PELLI.', '300MG'),
(986, 'IRBEVEL', 'COMP. PELLI.', '300MG'),
(987, 'APROSART', 'COMP.', '300MG'),
(988, 'ARADEX 300', 'COMP.', '300MG'),
(989, 'ZIBRAT', 'COMP. PELLI.', '300MG'),
(990, 'IROVEL', 'COMP. PELLI.', '300MG'),
(991, 'APRIVAL', 'COMP. PELLI.', '300MG'),
(992, 'APROVEL', 'COMP. PELLI.', '300MG'),
(993, 'IRBEK', 'COMP.', '300MG'),
(994, 'ARAVEL', 'COMP. PELLI.', '300MG'),
(995, 'CARDIOTENS 300', 'COMP. PELLI.', '300MG'),
(996, 'CO VALASTAN', 'COMP. PELLI.', '80MG/12,5MG'),
(997, 'COSARTEG', 'COMP. ENRO.', '80MG/12,5MG'),
(998, 'CO-ARBITAN', 'COMP PELL', '80MG/12,5MG'),
(999, 'CO-RETA', 'COMP. PELLI.', '80MG/12,5MG'),
(1000, 'VALSARTAN+HCTZ LDM', 'COMP. PELLI.', '80MG/12,5MG');

-- --------------------------------------------------------

CREATE TABLE `patients` (
  `patient_id` int(5) NOT NULL,
  `firstName` varchar(32) NOT NULL,
  `secondName` varchar(25) NOT NULL,
  `dateOfBirth` date NOT NULL,
  `sex` varchar(1) DEFAULT NULL,
  `adr` varchar(50) DEFAULT NULL,
  `num` varchar(20) DEFAULT NULL
);

--
-- Dumping data for table `patients`
--

INSERT INTO `patients` (`patient_id`, `firstName`, `secondName`, `dateOfBirth`, `sex`, `adr`, `num`) VALUES
(1, 'Blend', 'Arifaj', '1992-11-05', 'm', 'Rr.Enver Maloku, Prishtinë, Kosovë, 10000', '(+383) 44 800 800'),
(2, 'Albin', 'Gashi', '1992-11-05', 'm', 'Rr.Enver Maloku, Prishtinë, Kosovë, 10000', '(+383) 44 865 329'),
(3, 'Hysnije', 'Krasniqi', '2001-07-27', 'f', 'Rr.Xhabir Toqani, Prishtinë, Kosovë, 10000', '(+383) 49 194 548'),
(4, 'Arberesha', 'Hodolli', '1995-05-01', 'f', 'Rr.Vrana Konti, Pejë, Kosovë, 30000', '(+383) 45 554 812'),--
(5, 'Besim', 'Ademi', '2000-09-17', 'm', 'Rr.Harun Beka, Mitrovicë, Kosovë, 40000', '(+383) 49 669 688'),--
(6, 'Jehona', 'Kuqi', '1988-03-12', 'f', 'Rr.Sylejman Ashkiu, Gjilan, Kosovë, 60000', '(+383) 46 193 824'),
(7, 'Luan', 'Berisha', '2007-04-13', 'm', 'Rr.Kroi i Gjirit, Gjakovë, Kosovë, 50000', '(+383) 44 431 013'),
(8, 'Sokol', 'Kelmendi', '1991-01-17', 'm', 'Rr.Hamëz Cena, Gjakovë, Kosovë, 50000', '(+383) 44 866 859'),
(9, 'Arta', 'Millaku', '1966-11-02', 'f', 'Rr.Vellezerit Gërvalla, Ferizaj, Kosovë, 70000', '(+383) 49 135 795'),
(10, 'Valon', 'Shkabaj', '1985-08-05', 'm', 'Rr.Xhabir Toqani, Prishtinë, Kosovë, 10000', '(+383) 45 296 586'),
(11, 'Dardan', 'Veliu', '1955-03-13', 'm', 'Rr.Vellezerit Gërvalla, Ferizaj, Kosovë, 70000', '(+383) 44 866 853'),
(12, 'Mimoza', 'Hoti', '1997-04-29', 'f', 'Rr.Lekë Matrënga, Prizren, Kosovë, 20000', '(+383) 45 455 233'),
(14, 'Vjosa', 'Osmani', '1994-01-02', 'f', 'Rr.Bill Clinton, Pejë, Kosovë, 30000', '(+383) 44 178 253'),
(15, 'Elina', 'Kuçi', '2008-03-18', 'f', 'Rr.Emin Duraku, Mitrovicë, Kosovë, 40000', '(+383) 49 753 951'),
(17, 'Abedin', 'Qollaku', '1997-04-29', 'm', 'Rr.Ismail Qemali, Prishtinë, Kosovë, 10000', '(+383) 45 456 852'),
(18, 'Fatlinda', 'Gashi', '1997-04-29', 'f', 'Rr.Ferat Dragaj, Prishtinë, Kosovë, 10000', '(+383) 45 812 973'),
(19, 'Kaltrina', 'Berisha', '1982-10-28', 'f', 'Rr.Makfire Deda, Gjilan, Kosovë, 60000', '(+383) 46 554 221'),
(20, 'Erion', 'Imeraj', '2000-12-30', 'm', 'Rr.Bajram Curri, Gjakovë, Kosovë, 50000', '(+383) 49 654 321'),
(21, 'Kushtrim', 'Hulaj', '1996-12-30', 'm', 'Rr.Xhemajl Mustafa, Gjilan, Kosovë, 60000', '(+383) 44 188 297'),
(22, 'Naim', 'Hoda', '1998-03-30', 'm', 'Rr.Ernest Koliqi, Prizren, Kosovë, 20000', '(+383) 44 361 473'),
(24, 'Haki', 'Kurti', '1979-07-13', 'm', 'Rr.Nazim Gafurri, Prishtinë, Kosovë, 10000', '(+383) 44 131 020'),
(25, 'Lulzim', 'Dumani', '1979-05-13', 'm', 'Rr.Bukureshit, Pejë, Kosovë, 30000', '(+383) 49 466 011'),
(26, 'Endi', 'Kosumi', '1984-06-07', 'm', 'Rr.Murat Mehmeti, Prishtinë, Kosovë, 10000', '(+383) 49 135 795'),
(27, 'Leart', 'Bekolli', '1989-08-07', 'm', 'Rr.Apolonia, Pejë, Kosovë, 30000', '(+383) 49 981 785'),
(28, 'Linda', 'Bytyqi', '1955-01-17', 'f', 'Rr.Tahir Zajmi, Prizren, Kosovë, 20000', '(+383) 44 666 554'),
(29, 'Yllka', 'Qollaku', '1977-11-04', 'f', 'Rr.Qamil Ilazi, Ferizaj, Kosovë, 70000', '(+383) 44 228 929'),
(30, 'Ardita', 'Krasniqi', '1987-12-22', 'f', 'Rr.Haxhi Zeka, Prishtinë, Kosovë, 10000', '(+383) 44 852 963'),
(31, 'Njomza', 'Berisha', '2003-06-04', 'f', 'Rr.Fan Noli, Ferizaj, Kosovë, 70000', '(+383) 44 258 369'),
(32, 'Flori', 'Gashi', '2021-07-01', 'm', 'Rr.Jusuf Gërvalla, Prizren, Kosovë, 20000', '(+383) 45 891 231'),
(33, 'Elard', 'Imeraj', '2004-02-21', 'm', 'Rr. Kroi i Bardhë, Prishtinë, Kosovë, 10000', '(+383) 45 444 545'),
(34, 'Shefket', 'Bylykbashi', '2001-02-21', 'm', 'Rr.Enver Maloku, Prishtinë, Kosovë, 10000', '(+383) 45 497 521'),
(35, 'Rina', 'Bekolli', '2001-06-17', 'f', 'Rr.Ismail Qemali, Prishtinë, Kosovë, 10000', '(+383) 49 787 223'),
(36, 'Festina', 'Imeraj', '2002-03-04', 'f', 'Rr.Skënder Çeku, Prishtinë, Kosovë, 10000', '(+383) 45 112 654'),
(37, 'Zana','Guda', '2000-09-13', 'f', 'Rr.Abdyl Frashëri, Prishtine, Kosovë, 10000', '(+383) 45 885 731'),
(38, 'Erna', 'Hulaj', '2002-03-30', 'f', 'Rr. Kroi i Bardhë, Prishtinë, Kosovë, 10000', '(+383) 49 331 611'),
(39, 'Feride', 'Berisha', '2002-03-31', 'f', 'Rr.Rexhep Krasniqi, Prishtinë, Kosovë, 10000', '(+383) 49 788 994');

-- --------------------------------------------------------


CREATE TABLE `patientsinconsultations` (
  `doctor_id` int(11) NOT NULL,
  `patient_id` int(11) DEFAULT NULL
);

INSERT INTO `patientsinconsultations` (`doctor_id`, `patient_id`) VALUES
(2, NULL),
(1, 5);

-- --------------------------------------------------------


CREATE TABLE `prescription` (
  `consult_id` int(11) DEFAULT NULL,
  `med_id` int(11) DEFAULT NULL,
  `morning` tinyint(1) DEFAULT NULL,
  `noon` tinyint(1) DEFAULT NULL,
  `evening` tinyint(1) DEFAULT NULL
);


INSERT INTO `prescription` (`consult_id`, `med_id`, `morning`, `noon`, `evening`) VALUES
(66, 7, 1, 0, 1),
(67, 5, 0, 1, 0),
(69, 1, 1, 1, 0),
(70, 4, 0, 1, 1),
(70, 6, 0, 1, 0),
(71, 2, 1, 1, 0),
(71, 5, 0, 0, 1),
(71, 9, 0, 1, 0),
(72, 3823, 1, 0, 0),
(73, 6, 0, 0, 1),
(74, 5, 0, 0, 1),
(75, 4, 1, 0, 0),
(76, 2103, 0, 0, 1),
(76, 2105, 1, 0, 0),
(77, 5, 1, 0, 0),
(78, 4, 1, 0, 1),
(79, 1148, 0, 0, 0),
(79, 1151, 0, 0, 1),
(79, 1152, 0, 1, 0);

-- --------------------------------------------------------

use clinic_db;
CREATE TABLE `users` (
  `user_id` int(1) NOT NULL,
  `username` varchar(20) NOT NULL,
  `role` varchar(25) NOT NULL,
  `password` varchar(260) NOT NULL,
  `salted` varchar(300) ,
  `state` tinyint(1) DEFAULT 1
);

use clinic_db;
INSERT INTO `users` (`user_id`, `username`, `role`, `password`, `salted` ,`state`) VALUES
(1, 'RECEPTIONIST', 'Assistant', '67fa61bc4792f7d16451873858d800856743cc09daabe49fa42a94233490b66a','FgP1BGbeCnvuMDDIsQCmIHfmOEO8adnuwhxct3RssU6yzHhdS4XiEk4Vbg0LCwgX', 1),
(2, 'ENDODONTIST', 'Doc. Specialist', '03540fb6a6d67b8f9dd3579a08b99e486f2731f7c568a8d1b2f4bfe2ec5d79aa','pgn5N4OwpwlEgER49rlhHAD0nvVElKmY3mgKzbvVCZUmezXGEe60F3cGcDBHOIdI', 1),
(3, 'PROSTHETIST', 'Doc. Specialist', 'a794bc806f7a711a9939a6c388633f344a6ae0ae090069646a8184c7ef2ac6ea', 'VaG5osKRgNggRixDF8GSZid7TxtS7cvZ5j8GeXLiCYxolQdWrrbDDoVGX1nmKQeV',1);
-- --------------------------------------------------------

CREATE TABLE `waitingroom` (
  `rdv_id` int(11) NOT NULL,
  `patient_id` int(11) DEFAULT NULL,
  `doctor_id` int(11) DEFAULT NULL,
  `rdv_date` date DEFAULT NULL
);


INSERT INTO `waitingroom` (`rdv_id`, `patient_id`, `doctor_id`, `rdv_date`) VALUES
(119, 6, 2, '2022-06-30'),
(120, 6, 2, '2022-06-30'),
(121, 22, 3, '2022-06-30'),
(122, 32, 2, '2022-06-30'),
(123, 7, 3, '2022-06-30'),
(124, 32, 3, '2022-06-30'),
(126, 5, 2, '2022-07-01'),
(127, 7, 3, '2022-07-01');

ALTER TABLE `appointments`
  ADD PRIMARY KEY (`rdv_id`),
  ADD KEY `patient_id` (`patient_id`),
  ADD KEY `doctor_id` (`doctor_id`);

ALTER TABLE `associateddoctors`
  ADD PRIMARY KEY (`patient_id`,`user_id`),
  ADD KEY `user_id` (`user_id`);


ALTER TABLE `consultation`
  ADD PRIMARY KEY (`id`),
  ADD KEY `patient_id` (`patient_id`);

ALTER TABLE `medicaments`
  ADD PRIMARY KEY (`id`);

ALTER TABLE `patients`
  ADD PRIMARY KEY (`patient_id`);


ALTER TABLE `patientsinconsultations`
  ADD PRIMARY KEY (`doctor_id`),
  ADD KEY `patient_id` (`patient_id`);


ALTER TABLE `prescription`
  ADD KEY `consult_id` (`consult_id`),
  ADD KEY `med_id` (`med_id`);


ALTER TABLE `users`
  ADD PRIMARY KEY (`user_id`);


ALTER TABLE `waitingroom`
  ADD PRIMARY KEY (`rdv_id`),
  ADD KEY `patient_id` (`patient_id`),
  ADD KEY `doctor_id` (`doctor_id`);

--
-- AUTO_INCREMENT for tables
--

ALTER TABLE `appointments`
  MODIFY `rdv_id` int(11) NOT NULL AUTO_INCREMENT, AUTO_INCREMENT=121;

ALTER TABLE `consultation`
  MODIFY `id` int(11) NOT NULL AUTO_INCREMENT, AUTO_INCREMENT=80;

ALTER TABLE `medicaments`
  MODIFY `id` int(11) NOT NULL AUTO_INCREMENT, AUTO_INCREMENT=4628;


ALTER TABLE `patients`
  MODIFY `patient_id` int(5) NOT NULL AUTO_INCREMENT, AUTO_INCREMENT=34;

ALTER TABLE `waitingroom`
  MODIFY `rdv_id` int(11) NOT NULL AUTO_INCREMENT, AUTO_INCREMENT=128;

--
-- Constraints for tables
--


ALTER TABLE `appointments`
  ADD CONSTRAINT `appointments_ibfk_1` FOREIGN KEY (`patient_id`) REFERENCES `patients` (`patient_id`) ON DELETE CASCADE,
  ADD CONSTRAINT `appointments_ibfk_2` FOREIGN KEY (`doctor_id`) REFERENCES `users` (`user_id`) ON DELETE CASCADE;


ALTER TABLE `associateddoctors`
  ADD CONSTRAINT `associateddoctors_ibfk_1` FOREIGN KEY (`patient_id`) REFERENCES `patients` (`patient_id`) ON DELETE CASCADE,
  ADD CONSTRAINT `associateddoctors_ibfk_2` FOREIGN KEY (`user_id`) REFERENCES `users` (`user_id`) ON DELETE CASCADE;


ALTER TABLE `consultation`
  ADD CONSTRAINT `consultation_ibfk_1` FOREIGN KEY (`patient_id`) REFERENCES `patients` (`patient_id`);

--
-- Constraints for table `patientsinconsultations`
--
ALTER TABLE `patientsinconsultations`
  ADD CONSTRAINT `patientsinconsultations_ibfk_1` FOREIGN KEY (`patient_id`) REFERENCES `patients` (`patient_id`);


ALTER TABLE `waitingroom`
  ADD CONSTRAINT `waitingroom_ibfk_1` FOREIGN KEY (`patient_id`) REFERENCES `patients` (`patient_id`),
  ADD CONSTRAINT `waitingroom_ibfk_2` FOREIGN KEY (`doctor_id`) REFERENCES `users` (`user_id`);

